Athlete_ID,window_start,window_end,n_samples,Event_Label,label_purity,Heart_Rate_mean,Heart_Rate_std,Acc_X_mean,Acc_X_std,Acc_Y_mean,Acc_Y_std,Acc_Z_mean,Acc_Z_std,Gyro_X_mean,Gyro_X_std,Gyro_Y_mean,Gyro_Y_std,Gyro_Z_mean,Gyro_Z_std
A001,2025-05-11 12:14:54.667747,2025-05-11 12:14:55.167747,5,accel,1.0,161.0,12.712198865656562,1.7119424279560138,0.5183256445779488,0.71141370895964,1.8732079332185645,-0.1105899181098767,1.864296280985464,-15.152769803113648,88.95773409190294,51.418617003570375,122.11883016089803,-0.17716130281803544,109.17026331305098
A001,2025-05-11 12:14:54.917747,2025-05-11 12:14:55.417747,5,accel,0.6,140.8,23.659247663440187,1.335601309606957,1.1448653902530663,2.1125307431575173,0.6987808515222859,0.44483971231193264,2.012675614914412,-24.54496555049538,60.94961304413655,1.1032814788443062,119.75362659649524,25.232373063732524,73.26325345835077
A001,2025-05-11 12:14:56.167747,2025-05-11 12:14:56.667747,5,start_run,0.6,141.4,29.910533261712338,0.07110046878508322,1.6044828179344028,0.3739709657581963,1.9442162950693833,0.432924049391281,0.6566724409892692,4.442813314851998,80.72857646789606,83.28694491305767,62.77649744185786,-11.766350571225738,115.20107122574355
A001,2025-05-11 12:14:56.417747,2025-05-11 12:14:56.917747,5,stop,0.6,109.4,19.4381069037085,-0.13224640578222546,2.338180685133335,0.03840792180861663,1.7529955057346145,0.5419703060394925,0.943740679455585,-37.487789210775894,55.57718025930381,32.505662188508985,73.77983373624262,-16.43549460136304,92.67179481340995
A001,2025-05-11 12:14:56.917747,2025-05-11 12:14:57.417747,5,landing,0.6,127.2,11.124747188138704,0.2227765978143391,1.9210287969383057,0.40375696762172375,1.6425436148818138,0.9380403903493117,1.1838453065409786,10.333073196105474,40.45485309701999,-63.1600124662159,108.85534710218408,-66.42078279492141,70.32229796381509
A001,2025-05-11 12:14:57.167747,2025-05-11 12:14:57.667747,5,landing,0.6,129.8,25.222212432695116,0.7915217858087331,1.6883062718905515,-0.813913118567043,2.027391187451317,1.291964794522779,1.1807273548649402,-83.04864641297702,87.76194217917508,3.5650540071549215,126.45221656540163,-80.51972524114403,85.46088596534447
A001,2025-05-11 12:14:57.667747,2025-05-11 12:14:58.167747,5,stop,1.0,129.4,32.19068188156319,0.1453247707335005,2.110131425472988,0.1869627203981347,1.5356093281771674,0.6423288588845714,1.5238412133813537,97.4324259506153,92.5617428967887,22.104459915271924,60.026143331217824,-33.96889550539563,88.1184762668916
A001,2025-05-11 12:14:57.917747,2025-05-11 12:14:58.417747,5,stop,0.6,147.8,16.606023003717656,0.49589880171688294,1.9698810099275084,-0.3530634611475315,1.8691746764429198,0.45301763046231763,0.9486959295265552,119.32209042202696,43.70962185982584,16.248612574301934,54.141808892971376,-31.8194554170477,113.11274229281672
A001,2025-05-11 12:14:58.167747,2025-05-11 12:14:58.667747,5,start_run,0.6,130.8,27.54922866433832,0.4327583466959927,1.5039591064930125,-0.83373898542129,2.1397475846012823,-0.09437085540661747,1.298494232740536,-52.68522140263876,122.78153891909577,86.86919021740948,47.13519307167753,31.469143352074873,118.51281067130837
A001,2025-05-11 12:14:58.667747,2025-05-11 12:14:59.167747,5,jump_takeoff,0.6,140.4,34.09164120426002,-0.0886417044385773,1.8102919083166122,-0.5400095513752363,1.4864727238546056,0.465421164425344,1.5355600574278214,-112.73632770587653,55.363506957719856,8.088484018347796,107.0264850830808,50.04452643036498,76.47362246795574
A001,2025-05-11 12:14:58.917747,2025-05-11 12:14:59.417747,5,jump_takeoff,0.6,130.4,28.97309096385817,1.2140896066233708,1.512434658973094,-0.2610727207705034,1.5002763935153451,0.18006731209988872,1.5850236060491019,-93.04799388539712,121.22770835451198,-37.631346635016875,78.75007923435011,12.43913107840172,99.27428664926154
A001,2025-05-11 12:14:59.167747,2025-05-11 12:14:59.667747,5,start_run,0.6,111.0,12.165525060596439,1.2841974892406056,1.2310943287822547,0.22014646132303328,1.3686521056965457,-1.177173931073733,1.0936007875969191,30.983862605398464,107.45078484269511,1.6543561481018798,74.43566123068979,-65.52303566071988,86.48357172936903
A001,2025-05-11 12:14:59.917747,2025-05-11 12:15:00.417747,5,stop,0.6,128.4,35.578645280561204,-0.2713173380205448,1.467643655909609,-0.5574897627223512,1.271368497707341,-1.0496454676722489,1.2075506136129197,-44.42778264779183,92.31787479849467,39.67385952531235,88.06579410986372,43.19402403481179,54.14427845386597
A001,2025-05-11 12:15:00.667747,2025-05-11 12:15:01.167747,5,sprint_mid,0.6,126.8,28.547504269200136,-0.23227270788314228,2.0564665875136696,-1.1299711559205003,0.32389425016680207,0.12898612974797768,1.4963267994483238,-58.5093416709244,77.3873753006575,-16.523166889418654,76.71930807407954,50.78172358167166,75.15445804075658
A001,2025-05-11 12:15:00.917747,2025-05-11 12:15:01.417747,5,sprint_mid,0.6,116.2,15.535765188750764,0.023134996654772876,2.042728096751711,0.10900266063391592,1.7214193457726576,0.2895298334090577,1.9117288971126247,-92.24163958710191,58.871598510183716,-48.273373100680516,58.86874005318703,-1.4637509848934998,106.3655090730601
A001,2025-05-11 12:15:01.167747,2025-05-11 12:15:01.667747,5,accel,0.6,134.2,31.720025220670934,0.8527572011509786,1.7669290242286164,0.39791692343683555,1.503520716179696,-0.5493789419717329,1.7034680957568193,-48.32519265215195,105.61629809686464,-54.678871810106365,84.78517998158617,28.21310116482249,123.98774394749017
A001,2025-05-11 12:15:01.417747,2025-05-11 12:15:01.917747,5,accel,0.8,128.8,35.8072618333209,1.4515311325388216,0.9060029415708544,0.017369888390325005,1.2494795643697423,-0.12452546335821098,1.1825252605623264,-52.52358427582519,112.6146300732452,-42.704097115798604,75.4310442374149,133.47547210828893,27.49554339581729
A001,2025-05-11 12:15:01.667747,2025-05-11 12:15:02.167747,5,sprint_mid,0.6,118.0,18.05547008526779,-0.013866146745474239,2.204933186518629,0.41057813614521504,1.1378890315420807,0.14274007957537407,1.6364022106226062,41.20988108510103,114.53558872629469,-0.6818310704990609,71.83401648160644,74.32882522410094,99.51022608687634
A001,2025-05-11 12:15:01.917747,2025-05-11 12:15:02.417747,5,sprint_mid,1.0,132.6,10.669582934679312,-0.5864984866636906,1.8786656561815018,-0.8711217084239424,1.0899243533710163,0.2739249416474142,1.8144793732976958,101.10696902690755,52.234279941530914,-22.34089022436448,97.3014828236887,54.15958082421179,86.8314544949411
A001,2025-05-11 12:15:02.167747,2025-05-11 12:15:02.667747,5,sprint_mid,1.0,135.8,24.252010225958593,-0.39300820052454044,1.525454728306047,-0.9457057867152974,1.0840528658850728,-0.5273170075269898,1.3952482052959754,103.48930528361537,39.67400020047368,-91.29614240040182,88.292161536766,7.302793360632327,74.8720154128254
A001,2025-05-11 12:15:02.417747,2025-05-11 12:15:02.917747,5,sprint_mid,0.6,130.2,35.72897983430257,-1.4799766926624398,1.5105990261364672,0.18928482434914637,0.9137112062403191,-1.1104039670958623,1.51994646769435,67.56391744381004,96.55443321726624,-21.423716645435547,127.68689547197032,-31.360607584618855,43.16018034548215
A001,2025-05-11 12:15:02.917747,2025-05-11 12:15:03.417747,5,accel,0.6,141.0,28.121166405396487,0.6215710212812277,1.504770717514356,-0.486000178655799,1.879751556149229,-1.0017812510946829,1.3697527691766505,15.345234606109113,111.64668579052264,-25.020869905830693,141.6429229615781,15.10638357482505,108.8672564584745
A001,2025-05-11 12:15:03.917747,2025-05-11 12:15:04.417747,5,accel,0.6,112.4,20.411761315476916,-0.7698189865878915,1.395686726895948,0.06402556168370058,1.3306806178331223,0.38842088070585856,2.030136883565016,-36.340378116237055,87.84244330156841,-51.9612440637751,108.45749806448471,35.73508242704008,132.80527753766754
A001,2025-05-11 12:15:04.667747,2025-05-11 12:15:05.167747,5,stop,0.8,143.4,36.75105440664254,0.9882696284475742,1.625442732437754,-0.9566664609928187,1.4434060755669194,1.4089208874863055,0.8358022078209715,-52.028873753728575,114.60944386959105,-2.0404223079517747,83.70421902273972,11.241814051105928,97.48574467937118
A001,2025-05-11 12:15:04.917747,2025-05-11 12:15:05.417747,5,stop,0.6,135.4,31.499841269441344,0.8068323921016848,1.3937555063226512,-1.4312529714353894,0.9501082877371329,1.0632093307151442,1.0762565081491697,-60.672220570125866,121.9916475064316,71.81840158505182,57.73016775505188,4.216019781343258,91.98881483045753
A001,2025-05-11 12:15:05.667747,2025-05-11 12:15:06.167747,5,accel,0.6,128.8,29.006206232459977,-0.13227590897146393,1.6960369560466066,1.1120231511996332,1.3015279730018035,-0.10393062561780378,1.4443149758181435,-37.04123203950958,63.310465650161774,-3.253239849707319,107.90991147812942,57.926710048999304,67.23125098733257
A001,2025-05-11 12:15:05.917747,2025-05-11 12:15:06.417747,5,accel,0.6,137.6,27.059933481071234,0.30729778263489477,1.556118556929954,1.4398021077102379,0.2906944183176646,0.11313506975535965,1.6141041159491745,-28.258137896629343,57.73107524098624,38.16946793729409,96.08305123264758,52.95993758786439,66.52536657201743
A001,2025-05-11 12:15:06.167747,2025-05-11 12:15:06.667747,5,landing,0.8,151.0,30.548322376196047,0.2670533474360618,1.8189738135699969,0.2356139657002129,1.6678050756556024,0.11735902402109026,1.1889147374924776,-89.9314227301093,62.08232038163561,14.224610560505804,112.90303651935592,85.14473054097283,54.78196121650509
A001,2025-05-11 12:15:06.417747,2025-05-11 12:15:06.917747,5,landing,0.8,142.0,30.476220238080707,0.07362126332963351,1.5145771343970424,-0.8315487441197724,1.2605210418470307,-0.5761614096218463,0.7674085228206153,-39.136193422667326,117.4630505384635,-27.76889645441462,113.1569641193966,77.7011841509855,65.56108936603887
A001,2025-05-11 12:15:07.167747,2025-05-11 12:15:07.667747,5,landing,1.0,145.8,12.528367810692659,-0.9173555961088098,1.6412323010433312,-0.9348385938811873,1.0548670207171313,-1.2236109494417784,1.9875599844786456,6.361386042896984,91.51956837864441,82.293475531668,87.34792988835967,-98.19944843395008,56.14325990361889
A001,2025-05-11 12:15:07.417747,2025-05-11 12:15:07.917747,5,landing,0.8,135.6,22.826300620118012,-1.075233198372651,1.5620517753632497,-0.8385839488418565,1.106298515651266,-1.0732966421511156,1.474268442540153,50.93981977884896,35.22146293900566,81.19814998374679,108.49106884123618,-30.28036055154505,82.32981838295642
A001,2025-05-11 12:15:07.667747,2025-05-11 12:15:08.167747,5,jump_takeoff,0.6,122.2,28.67333255831976,-1.7085597770979717,0.6134844341499713,0.07665894011608006,0.751698254620364,0.06924842922583103,1.738927439533077,-19.75172240694153,36.96010515614443,31.574532218535488,116.02893242115618,12.401421413510366,123.15515316127848
A001,2025-05-11 12:15:07.917747,2025-05-11 12:15:08.417747,5,jump_takeoff,0.8,112.4,28.62586243242289,-0.8388561082720367,1.066188978305695,-0.15144065549165223,0.8630673074476275,-0.25419487126055007,1.8578235188681516,20.928658249279543,87.71379404271342,51.46799238456547,81.31160566903276,15.140693578279757,104.22757458707119
A001,2025-05-11 12:15:09.417747,2025-05-11 12:15:09.917747,5,accel,0.6,117.2,30.863570759068043,-0.029635383944157788,1.5407931137750974,1.6795232211814508,0.7879712442105139,0.2579435031068026,1.5324585564998228,12.897799580412515,29.71236283929847,-1.9620504615213008,96.60266557900243,-5.213749216424628,65.08627998856936
A001,2025-05-11 12:15:09.917747,2025-05-11 12:15:10.417747,5,jump_takeoff,0.6,127.8,18.882796403075474,-0.46756167911935653,1.8313359655422545,0.3718172112599609,1.4733895365060963,-0.5086952475748844,1.9813442096030482,40.74195457748477,109.44566126390296,-91.12349980528529,58.833997660570354,-4.243992792957402,62.284611266783976
A001,2025-05-11 12:15:10.167747,2025-05-11 12:15:10.667747,5,jump_takeoff,1.0,140.4,26.058395959843725,0.1641093239640085,2.480783714309371,-0.4470261551478679,1.8156428681430827,-0.2517271509815334,2.1517012103456725,21.613000531904856,102.76299652085551,26.762759389801612,121.85303205237017,5.5102660844781495,134.11938631903828
A001,2025-05-11 12:15:10.417747,2025-05-11 12:15:10.917747,5,jump_takeoff,0.6,147.2,28.21630734167744,0.3177088924614158,2.134366439162902,-1.8471680711414251,1.7237663567055468,0.25408722514091825,1.6757422672308169,52.030777838029145,75.73971906862873,63.94277894542491,106.48164761225739,38.10438178596398,118.84827023545115
A001,2025-05-11 12:15:10.667747,2025-05-11 12:15:11.167747,5,landing,1.0,119.8,23.919866220361687,-0.31639467098456603,1.315154145048451,-1.1180535368538638,1.7737388614194927,-0.44975663965363466,0.9117093615353256,95.37616058760342,84.88040481317717,-15.088458781348866,98.09433407278182,-8.929584796347589,44.17261708599699
A001,2025-05-11 12:15:10.917747,2025-05-11 12:15:11.417747,5,landing,0.6,116.4,11.876026271442818,-1.2735766363098142,0.9776811019751083,0.4446772244014056,1.2430383946661443,-0.4446371861694213,0.8799336295352986,48.36755143223583,138.17609810077934,-31.521507259291177,60.112799849447775,-42.94372368077286,71.15351330769965
A001,2025-05-11 12:15:11.667747,2025-05-11 12:15:12.167747,5,stop,0.6,125.2,28.343605980891,0.11984204526426208,2.0638147518415506,0.8701299218129078,1.629480983872233,0.7580106698562078,1.3127628278323775,30.384134884312893,64.22867191944773,53.25855356396721,125.45253558920449,-9.268509077058216,68.80492098968695
A001,2025-05-11 12:15:11.917747,2025-05-11 12:15:12.417747,5,stop,0.6,137.6,30.493277947770718,0.855181923747721,1.9291808304775344,1.2405044682119848,0.7852627886690831,0.38420388374456715,1.7551641682662182,36.26292554691754,64.04273587827385,45.97396636817815,81.4276617445874,-39.170768457999465,79.92727553183533
A001,2025-05-11 12:15:12.667747,2025-05-11 12:15:13.167747,5,stop,0.8,147.0,21.17545749210628,0.1825722561679062,1.973256569963687,-0.19491435031817844,1.7580829047037623,0.7002734246479982,1.9102789810882257,-7.53392118262264,81.39923669514708,66.152698764382,92.60192539505714,-111.42317511556493,28.542079130861676
A001,2025-05-11 12:15:12.917747,2025-05-11 12:15:13.417747,5,stop,0.6,147.8,17.959955456514916,-0.8385705303311012,1.071605811704013,-0.9475560404176939,1.6136351125117754,1.1189902662395805,1.4831571479476018,22.362423130070766,90.13727754980167,105.90383127278214,43.005336787888986,-90.78624509784046,54.57200826234408
A001,2025-05-11 12:15:13.417747,2025-05-11 12:15:13.917747,5,stop,0.6,105.2,27.24261367783936,0.5327132528989154,1.5121619729206681,0.9967965269692239,1.8864973896706967,-0.42438796616614605,0.9286029209724876,-0.6024331296966465,93.6854503634095,16.223459733719608,102.59371292859942,17.811617089255275,84.82289220367451
A001,2025-05-11 12:15:14.167747,2025-05-11 12:15:14.667747,5,stop,0.6,108.2,19.497692171126303,-0.8943753080042842,1.8260151268954916,-0.3020751120381571,1.9580215752588892,-0.24726372677845898,1.3127567536436868,-1.1028695729264542,116.44143296775954,-29.097100844728594,91.74912453196411,26.80856246094725,93.97813606981688
A001,2025-05-11 12:15:14.917747,2025-05-11 12:15:15.417747,5,landing,0.6,134.0,24.698178070456937,1.1512467647724804,1.404047570846339,-0.37163942937259,1.0937717993673632,0.6057755870514845,1.2769384740137113,6.955671176975713,102.76935689421018,122.43464001403848,44.14968059898477,15.378561456787065,87.77033572053833
A001,2025-05-11 12:15:15.167747,2025-05-11 12:15:15.667747,5,landing,0.6,129.8,27.76616646208115,1.6308425336308918,0.8588033124964161,-1.4131287762404061,1.2074509071828743,1.3547360223175813,1.4381229664372501,46.220313374361986,90.95691457368078,98.62491938532892,70.33258704553552,-16.534648317918517,87.42950542918547
A001,2025-05-11 12:15:15.417747,2025-05-11 12:15:15.917747,5,landing,0.6,150.2,27.301282021179883,-0.17119852395034893,1.9061662483234432,-1.565302040109385,1.5757576506733733,1.6886299660409758,1.363149633944192,39.88840816242764,86.34529934341838,64.48567776368998,106.71291955751732,-25.199026151411218,99.18227628463345
A001,2025-05-11 12:15:15.667747,2025-05-11 12:15:16.167747,5,landing,0.6,137.8,39.117259617718624,-1.9696877151347032,0.7546406522719782,-0.9504814275248126,1.3645086216731,0.15592189947717744,1.5102588142573592,-36.7832841986923,78.51079213618472,-25.148376806580423,108.51025613984378,2.8720650118992865,108.17673702015517
A001,2025-05-11 12:15:15.917747,2025-05-11 12:15:16.417747,5,accel,0.6,125.2,41.91610668943383,-0.32927325089501813,1.9436220470318128,-0.19623767858058078,1.5987265295501638,-0.8335210968172759,1.0463410718684547,-51.48606437716347,85.37574880342132,21.324461291737272,111.91168779287946,63.267149658878374,100.2169851545867
A001,2025-05-11 12:15:16.167747,2025-05-11 12:15:16.667747,5,accel,1.0,142.6,35.33610052057244,0.6493505081978596,1.4436551766707955,0.36233721240493166,1.8493776121845589,0.04503490014680369,1.3120727581345626,-36.02657237889734,78.59389000689555,52.23192408937624,93.87910257983555,60.65699073626888,69.31138383959247
A001,2025-05-11 12:15:16.417747,2025-05-11 12:15:16.917747,5,accel,0.8,142.2,29.026884090442774,-0.08787413807462503,1.468416696355503,-0.6816003349789342,1.5162513416957926,0.9854040031741101,1.1852575575220516,-28.10099450445541,84.5310905896966,9.371430252628835,92.77233976874322,-48.41105930924272,104.43230995014072
A001,2025-05-11 12:15:18.167747,2025-05-11 12:15:18.667747,5,sprint_mid,0.6,112.8,21.664717861075413,-1.8868812595923,1.1496355327709493,0.003344082711429497,2.0592889757612194,0.2319246392954998,1.437115551628276,-55.763036658026735,105.28351241067365,33.747139541310275,29.709319112002373,41.60486935014159,74.41438826345504
A001,2025-05-11 12:15:18.417747,2025-05-11 12:15:18.917747,5,sprint_mid,0.8,115.8,16.690116836020053,-0.5914204923229531,1.8343146599804447,-1.0201610879672534,1.5479786094986665,-0.37026804861668605,1.83344186731161,-81.85096315674579,75.75636382819746,31.79343264143798,39.30595876370181,-5.147194541296909,58.03746746478534
A001,2025-05-11 12:15:18.667747,2025-05-11 12:15:19.167747,5,jump_takeoff,0.6,127.2,29.22601580783806,0.6241268686876829,0.8923668241318647,-0.9379353796082983,1.180026414884863,0.6338868566439438,2.115985238554114,-39.68620321431187,101.508691699816,44.52661566544665,80.29231165375506,17.087328831782884,92.5359419936334
A001,2025-05-11 12:15:18.917747,2025-05-11 12:15:19.417747,5,jump_takeoff,1.0,124.2,30.00933188193299,-0.32890851330335635,1.2658038916045578,-0.2617374819697912,1.402689575282414,0.7538375390063667,1.9536807006136123,-23.67912394028115,111.55269637662707,35.95147458270409,84.79984435494902,-26.62345423585303,109.36426265631476
A001,2025-05-11 12:15:19.667747,2025-05-11 12:15:20.167747,5,stop,0.6,134.8,37.74864235969288,-0.3535319072834061,1.5338699337763972,-1.4960680593167583,2.1395912670826225,0.6199070789278808,1.449964734796649,-45.58272922755137,70.85983420566498,7.995562365494908,109.99993949844908,-41.526173211770114,22.423182114287158
A001,2025-05-11 12:15:19.917747,2025-05-11 12:15:20.417747,5,stop,0.6,124.4,34.11509929635263,1.0600783872672395,0.7249832274882176,0.13774333049660595,2.2781189763047047,-0.4017271860014874,1.450671582880695,-29.0721425007717,76.00389904922913,60.151258679744345,80.1223544949082,-38.1307563857053,39.75043732261203
A001,2025-05-11 12:15:20.417747,2025-05-11 12:15:20.917747,5,jump_takeoff,0.6,156.6,24.079867109267855,0.026077407465303182,1.6415106357097886,1.147481406111074,1.094449327376142,0.8137928607943916,1.4272310700187154,-36.55379833174847,101.48551588366351,-36.51650960317994,93.67455580663801,-38.06027071914639,92.48168565370798
A001,2025-05-11 12:15:20.667747,2025-05-11 12:15:21.167747,5,accel,0.6,120.8,38.33223186823329,0.20897725425240035,2.088884203335438,0.03913690049451368,1.1822170775565752,-0.4991976889656966,1.3508039752002687,-42.868737037547604,74.85603228480227,13.854732807885274,104.0082444130853,-52.05877905369914,83.20251521337643
A001,2025-05-11 12:15:20.917747,2025-05-11 12:15:21.417747,5,accel,1.0,104.4,30.057278652599273,0.010808740138305595,1.7415223341166812,0.04418464351392918,0.9305738513966606,-1.5012457404249684,0.704166135827178,-31.702494746062293,77.72082916317274,3.9493641508174933,92.0815802344332,-60.7918215763626,95.8113658644348
A001,2025-05-11 12:15:21.917747,2025-05-11 12:15:22.417747,5,start_run,0.6,125.6,29.702525145179155,-0.9452760719623793,1.331430248211612,1.0335842050483985,0.9079539396613311,-0.3319468140803,1.2170153974961433,86.12167446782892,114.72904510029144,-32.04989017701077,118.10915803353245,25.41713740657957,69.54565293182812
A001,2025-05-11 12:15:22.167747,2025-05-11 12:15:22.667747,5,accel,0.6,116.8,19.548913013259842,-1.2287498627738487,1.4424668457744825,-0.5876049080935565,1.2996630727967087,-1.4857720351959682,0.8386168556001812,64.82374569198409,115.14390735781578,-20.69239165115971,84.03144418581489,-5.868436943207499,79.83816848064625
A001,2025-05-11 12:15:22.417747,2025-05-11 12:15:22.917747,5,accel,0.6,123.8,28.6174771774173,-1.2188080501408867,1.8851204881247616,0.07858414805869289,1.790279962224448,-1.6026983650500235,0.7402973489033242,57.88482203561212,114.43068976161459,-42.086626939772934,41.3855900936583,-20.468272943479654,63.061187494516936
A002,2025-05-11 12:14:53.917747,2025-05-11 12:14:54.417747,5,landing,0.6,138.0,12.649110640673518,0.09703397706136449,1.673329010541215,-1.048935648229231,0.6592519130861342,0.06663920237233807,1.9592454723931876,-48.947880637961,75.08612077135025,43.91951977368929,131.2823780741108,22.11676710512889,97.8466791388758
A002,2025-05-11 12:14:54.167747,2025-05-11 12:14:54.667747,5,sprint_mid,0.6,139.4,18.63974248749161,0.6841137316867271,1.7528493244040946,-0.3213378001374738,1.2165140872225297,-0.40685809514578153,1.8389877559460384,-54.016691866365456,85.55738001672394,-15.280656078230624,87.95717307959451,102.31750391009007,69.8078222715735
A002,2025-05-11 12:14:54.417747,2025-05-11 12:14:54.917747,5,sprint_mid,0.6,135.8,27.758962516635957,-0.16514626126643597,1.8457249117087122,-0.018060003113798573,1.1505949649776195,0.38138196038282796,1.4344043920642053,22.877546980501876,93.40989893086122,-36.797907187204245,110.34228162630968,37.69943222602681,85.59320058882159
A002,2025-05-11 12:14:55.917747,2025-05-11 12:14:56.417747,5,stop,0.6,143.2,28.02427519134081,0.06370082664367285,1.9701556854397122,-0.3921600404350526,2.2816008448426937,-0.41955667595973783,1.3476182384963904,61.04648614233018,41.96647648512775,8.216381718140182,66.10076742069063,47.871930270547104,85.97106902055208
A002,2025-05-11 12:14:56.667747,2025-05-11 12:14:57.167747,5,accel,0.6,132.6,25.326665789242767,-0.4915312549827185,0.9445410360533496,2.1446285505540637,1.0118048333337264,0.2752514207488763,1.9291470707979752,-41.91823808398889,73.18685121000918,-23.386934747127743,107.2522495602761,-2.1923519884011085,84.07096922508104
A002,2025-05-11 12:14:57.417747,2025-05-11 12:14:57.917747,5,start_run,0.6,117.2,24.086510747719355,-0.5336941355217402,1.8144740887330382,1.2439228475543331,1.581556563313307,1.4213333335645408,1.1798214787291441,26.79736448170329,114.43979640782695,-36.95618838641858,115.4320814981706,-87.6536341565145,71.60842840582559
A002,2025-05-11 12:14:57.917747,2025-05-11 12:14:58.417747,5,stop,0.6,130.0,16.93517050401324,0.6712552083222529,0.47521923518045867,1.3661753371665033,1.0691845476498494,-0.0013648161436480067,1.4870880099363837,-72.24966367163408,95.23539803782646,38.702242110606804,81.41118589478761,36.48627282729072,73.93556807474933
A002,2025-05-11 12:14:58.167747,2025-05-11 12:14:58.667747,5,stop,0.6,123.0,16.673332000533065,1.4793381821894056,0.6558419956720779,0.7633214611475657,1.4217740238256438,0.7980749102634612,1.6451623667818835,-65.8740129463593,38.10537801430762,7.789410675501244,96.7281398872048,45.1091474987762,97.42890582444895
A002,2025-05-11 12:14:58.667747,2025-05-11 12:14:59.167747,5,sprint_mid,0.6,111.6,11.842297074469968,-0.6249711426565142,1.469500073105068,-0.7374934033727018,1.6914437866792282,0.7181649356701556,1.4723458839199417,-16.57764017232862,85.57202916619262,65.40374132780887,115.26680421422101,-15.921462586035346,114.5807318722081
A002,2025-05-11 12:14:58.917747,2025-05-11 12:14:59.417747,5,sprint_mid,0.6,124.2,28.364766877236978,-0.8562937666826367,1.6922551596229218,-0.6660341073702623,1.5400660719699775,1.0509618496263806,0.8239432797231206,23.077993465473646,90.20796616833967,19.40675951267341,107.90278780435882,-7.801663529172572,99.0120302746566
A002,2025-05-11 12:14:59.167747,2025-05-11 12:14:59.667747,5,sprint_mid,0.6,122.8,39.650472884948044,-0.737379581838654,2.101356297061527,0.1153552635006756,1.569698795401316,0.14135942897820214,1.6830138979935123,-48.41141440785875,120.4011738547306,24.107750385524458,108.57615539113151,-40.427761264567906,75.24717613341029
A002,2025-05-11 12:15:00.667747,2025-05-11 12:15:01.167747,5,start_run,0.6,113.4,23.148218073968458,-0.5589940259994042,1.3040512133884001,0.22417381082591534,1.4853320811146276,1.3147343930249835,1.1087490360204657,27.766522811161593,75.58273937693647,-0.980197131836448,114.70024732452973,-49.12370604529226,144.76980693423914
A002,2025-05-11 12:15:00.917747,2025-05-11 12:15:01.417747,5,start_run,0.8,119.6,34.511447376196784,-0.7808482559767571,1.1843062165052434,1.028340977417083,1.664025352516362,0.6327007763347641,1.7444249740577102,26.15770190093566,112.76990311109148,-32.27132918200733,87.0408688591567,7.766225460889603,151.62392045321585
A002,2025-05-11 12:15:01.167747,2025-05-11 12:15:01.667747,5,start_run,0.8,128.0,35.07135583350036,-1.8700700900590177,0.5736003162054014,0.5047299785116861,1.8251836918143522,-0.03666835860298674,1.379366047068047,-82.64124100181593,125.31501802859255,-60.861908695635826,81.70036690403438,-2.35000243353349,141.4184464899645
A002,2025-05-11 12:15:01.667747,2025-05-11 12:15:02.167747,5,sprint_mid,0.6,125.2,25.126878039263055,-0.08681629745954123,2.015250391467597,-0.2199237556174511,1.7308017387871226,0.7491201995846725,1.8613460140298743,28.68787474513557,117.86825690689228,14.138642198847771,47.3189739419872,-4.517265780697485,100.49964378642804
A002,2025-05-11 12:15:01.917747,2025-05-11 12:15:02.417747,5,sprint_mid,0.8,134.8,33.19277029715959,1.246142667160125,1.822711410295285,0.40548816932715515,1.5170023152400418,0.010234015228341331,2.3125817438205667,87.24493712859017,63.271203190610876,3.2983862889064084,62.07087488197759,-18.09959727738559,85.11383253053043
A002,2025-05-11 12:15:02.167747,2025-05-11 12:15:02.667747,5,stop,0.6,115.0,35.42315626818141,1.5404210066540125,1.2696051528583725,-0.27937733030504663,1.3128979299745376,-0.32480721606420404,1.9356608074157233,57.854618868524405,92.40401411262555,23.142739629090705,80.01150104854436,123.02732849587983,43.64202289277735
A002,2025-05-11 12:15:02.417747,2025-05-11 12:15:02.917747,5,stop,0.6,117.8,33.52252973747655,0.9396905419634397,1.0381874141529706,0.32481428079874275,1.5053254219086405,-0.5016351161998711,1.4617913106567266,-9.457026345750455,118.67822734194863,24.011976964807648,89.41553849618445,102.75691807811918,102.17381897818659
A002,2025-05-11 12:15:02.667747,2025-05-11 12:15:03.167747,5,accel,0.6,120.4,32.38888698303787,0.10966712222093919,1.6193364135431225,0.7251813732379204,1.2930311319067118,0.29148088060159905,1.6568204055844322,-63.19024653782924,73.48004982092263,15.029329302092862,96.94224100894981,91.50819992564617,96.80185326728854
A002,2025-05-11 12:15:03.417747,2025-05-11 12:15:03.917747,5,stop,0.6,129.4,26.545056036859297,-0.6238009238791526,1.4162972470002275,0.5951971773094513,1.6705854906620017,0.9531821051728165,1.9948792990511452,38.129099899101476,75.72575707435614,35.24229262804164,85.61865171878094,26.700002922727197,64.69680374297731
A002,2025-05-11 12:15:03.667747,2025-05-11 12:15:04.167747,5,stop,0.6,123.0,21.50348808914498,0.6873163780758419,1.4641707820636578,0.35008609986393724,1.3565018345759379,0.5173400697505087,1.737556658853203,-3.3938839886389447,117.2396250224784,-46.715172516137805,115.62603562802612,-60.103539256866114,83.05079771370949
A002,2025-05-11 12:15:03.917747,2025-05-11 12:15:04.417747,5,stop,0.6,125.6,22.63271967749347,0.9604822156893412,0.9619903724702672,-0.7464439895726052,1.1323668918816177,-0.43737307397730874,1.0150230408660448,-22.573187742028914,95.18286402250581,-99.48929396545431,96.07059467278376,-89.92100252712581,95.22777689247776
A002,2025-05-11 12:15:04.417747,2025-05-11 12:15:04.917747,5,accel,0.8,139.2,14.455448799674121,-0.3618563028667934,0.9525534015978533,0.415544490487853,1.950134597029523,-0.3041948319699796,1.0757638069828086,-31.78438828422737,98.11831009230897,-22.18328513182618,102.66290469433233,31.229153824716036,65.81919817662224
A002,2025-05-11 12:15:04.667747,2025-05-11 12:15:05.167747,5,accel,0.6,144.4,22.44638055455712,-0.5268118384715996,1.5654322338813116,-0.30620835909323896,1.5534463565704315,0.1748333645789358,1.0380502022395992,13.040587490690015,86.63264003857168,3.144995569096605,102.71175712379167,-47.65962684842667,100.3750824428938
A002,2025-05-11 12:15:05.417747,2025-05-11 12:15:05.917747,5,start_run,0.6,131.6,29.943947635540642,0.8917403382927283,0.909799008361752,0.055488419300732825,2.0497638356437666,-0.8478578611218189,0.9349252384536344,-35.30472485355908,90.23378715948878,-19.35942030497101,113.06624115527414,13.23997963398396,123.39470349881586
A002,2025-05-11 12:15:05.667747,2025-05-11 12:15:06.167747,5,start_run,0.6,139.0,21.080796948882174,-0.14079141556693528,1.3692395997845166,0.6770119444194188,1.0724776937355442,0.053258858711815814,1.8597137253350289,18.541618969964116,105.36675522944573,34.92344959794083,104.28034386231442,-51.81878197739288,117.0001409711569
A002,2025-05-11 12:15:06.167747,2025-05-11 12:15:06.667747,5,stop,0.8,132.2,31.14096979864307,0.044472323415251404,1.4904276532030059,-0.5475888273488734,1.4913021676949914,-0.39601220599024073,1.4336757717677644,29.91759510705551,96.38641490697366,6.153799432458842,106.08762489355587,-28.99385344370283,108.7799255532808
A002,2025-05-11 12:15:08.417747,2025-05-11 12:15:08.917747,5,stop,0.8,154.0,4.427188724235731,0.2069426486034281,1.9652642967523546,-0.05656085376741373,1.4813271690187708,0.529840755711608,1.7782229592842025,-3.725285202920742,138.25537566331693,-47.95891911011281,114.44594925703998,-15.926293192084032,95.65811974194109
A002,2025-05-11 12:15:08.667747,2025-05-11 12:15:09.167747,5,stop,1.0,142.6,27.89695323866031,-0.044773118863098336,0.6886125067778567,-0.032259041291379506,2.056699915085216,1.4096347499813602,1.3629213029638116,-33.584367992729625,65.55509956643552,18.983298325733628,104.47200807551559,-6.836935300200724,105.83098991479527
A002,2025-05-11 12:15:08.917747,2025-05-11 12:15:09.417747,5,stop,0.8,122.4,33.04300228490141,-0.6994516783082835,0.8397737754646615,-0.32905500168329727,1.838189261767337,0.8922511875120772,1.2919877938439073,-36.95518154611096,77.96788170147717,25.562514715094842,84.35331189762702,-14.915089848765438,113.34749615706806
A002,2025-05-11 12:15:09.167747,2025-05-11 12:15:09.667747,5,start_run,0.6,105.8,11.838918869558993,-0.740179374133972,1.6671343197690491,0.6939667331167415,1.8761200265668696,0.18306443394266894,1.48880058266683,-14.482669746044252,85.58912531828373,10.191991364529525,84.80781667095124,-11.72158350944156,67.06981932438315
A002,2025-05-11 12:15:09.667747,2025-05-11 12:15:10.167747,5,stop,0.8,120.8,29.795301643044326,-0.8232563501487906,0.4916922234651659,0.8494844678323874,1.7150268698306212,0.18182314469067357,1.7116348367017657,5.362258566669612,95.66489781878624,39.33965138711301,107.64341201171543,48.689256277172845,115.85065055582086
A002,2025-05-11 12:15:09.917747,2025-05-11 12:15:10.417747,5,stop,0.8,129.6,37.36629497287629,-0.38728786068835286,1.6028207768840197,1.0208471840194402,1.4273037697883646,0.5237885200058667,1.8571989007576999,18.969706777746143,99.55234020424079,48.93413983763471,80.95345204892651,99.4981507290548,93.65908258773821
A002,2025-05-11 12:15:10.417747,2025-05-11 12:15:10.917747,5,landing,0.6,132.4,26.985922255872598,0.1039982659942245,0.9308079252253004,-0.8538013182635096,1.391929914083542,-0.8633114564368245,1.633930959959923,-50.01495085660751,59.06397219971918,60.68445878131821,104.39435382862094,-14.465308309428329,71.15404606122866
A002,2025-05-11 12:15:10.667747,2025-05-11 12:15:11.167747,5,landing,0.6,137.4,18.8849146145806,-0.35363118219690276,1.232349929946966,0.3608556487823277,1.3077109469731714,-0.7455546001730158,1.5339620140927892,29.216283126562434,103.21759339045175,25.882353427219535,101.66799542735824,-46.26606270304731,50.413585716811305
A002,2025-05-11 12:15:11.917747,2025-05-11 12:15:12.417747,5,sprint_mid,0.8,134.4,19.744366285095097,0.354543351906174,1.0676875476566412,-0.5504486746627014,1.4639136650469924,1.098406259115929,1.8084457496871378,-52.32744201752089,105.37937530089447,-27.893244426137056,135.57307614605492,19.218276472237385,80.52766776253728
A002,2025-05-11 12:15:13.167747,2025-05-11 12:15:13.667747,5,stop,0.6,137.0,16.037456157383563,0.7498111744789083,1.6730913687966698,0.8853657389928768,1.2655337566029023,-1.531842924079551,1.428748619529958,-13.520919793643921,112.75940255206794,-12.104106701741108,66.30673017299594,113.2538904913553,45.19558212846622
A002,2025-05-11 12:15:13.667747,2025-05-11 12:15:14.167747,5,sprint_mid,0.6,122.4,22.588492645592797,0.22899394823215938,1.4394013483945656,0.38294359154299257,2.008875195571696,-0.7700961401680851,1.1192224066416738,-101.80198347335161,68.32914303294751,-74.75361806693904,85.10853685206442,5.514221784303532,117.73994223213943
A002,2025-05-11 12:15:14.167747,2025-05-11 12:15:14.667747,5,start_run,0.6,124.8,34.925062634160014,-0.23845968472139592,1.5418517457418273,0.7899809695067161,1.616300798749949,0.6801377565012668,1.770583751872121,-58.87922572384285,111.72011406131462,34.572411308670475,75.69860789189248,-8.31613153804749,98.33048762344333
A002,2025-05-11 12:15:14.417747,2025-05-11 12:15:14.917747,5,start_run,0.6,106.2,17.814600753314682,0.38652610098985013,1.8811981316550805,0.38811296953202695,1.228611617914318,0.5303618102779495,2.0559737672699536,-10.222988602328371,114.91106550282512,13.619400464913223,105.98893447417889,43.253022558115056,115.74001064792992
A002,2025-05-11 12:15:14.667747,2025-05-11 12:15:15.167747,5,accel,0.6,124.8,18.26909959467078,-0.8869444672838419,1.8139724157110102,-0.501643290103155,1.4353386083598454,-0.9536281507002494,1.7709515642827187,-36.146687282816515,80.29509918220684,-10.376133150139623,109.63146764406761,12.446940387446862,118.4997153945305
A002,2025-05-11 12:15:15.167747,2025-05-11 12:15:15.667747,5,jump_takeoff,0.6,145.6,16.788091017146648,0.3819462836297606,2.2626771777668617,0.5202785340996496,1.2225503188626796,0.10376174940840036,1.204861084797961,43.93375904382156,78.22728072233062,-15.408531239795035,107.82679362335554,-2.725191599682353,61.32119514332315
A002,2025-05-11 12:15:15.417747,2025-05-11 12:15:15.917747,5,jump_takeoff,0.6,126.0,31.413372948475303,-0.9956603623600266,2.0799776003648778,0.7404911970637935,1.3163321174431932,0.19032347220973378,1.4591422200897066,-7.085020586889636,91.88892548242958,27.548257176085553,89.14384789501175,15.090229833478952,52.817620090439156
A002,2025-05-11 12:15:15.917747,2025-05-11 12:15:16.417747,5,stop,0.6,131.2,25.69357896440276,-1.0116328152645182,2.0709755458311707,0.383770475814059,1.6673283710518778,0.17985437368608007,1.038266377380811,9.081616647695322,106.81695673859682,41.312408390832495,104.22719474150314,45.993213999861126,92.076079222365
A002,2025-05-11 12:15:16.417747,2025-05-11 12:15:16.917747,5,start_run,0.8,134.8,29.362561196189954,-0.00591639626395013,1.925957031579362,0.16066481768230306,1.943701185886065,-0.7918755669191789,1.2472545055382525,-5.376861471473347,76.6437234715263,-38.92784263393586,86.26109259739187,14.498925236936156,82.54970539043748
A002,2025-05-11 12:15:19.167747,2025-05-11 12:15:19.667747,5,start_run,0.6,123.0,19.421637418096342,-0.1013517620778405,2.1161215666650057,-0.10751775580048659,1.8495714386508257,-0.8767159665326588,1.3812968955875182,33.91898936553422,116.56969746303334,-41.86026865291173,85.36049958732946,12.33406128855512,97.07641356846038
A002,2025-05-11 12:15:19.417747,2025-05-11 12:15:19.917747,5,stop,0.6,121.0,18.62256695517565,0.5628185566410473,1.674231178929047,1.723712292285822,0.620376977073719,-0.4779626960654822,1.5010720059475116,-19.23778370341609,107.14307391384658,-5.170499435856584,95.62251980569405,78.0985407966003,79.9454432506806
A002,2025-05-11 12:15:19.667747,2025-05-11 12:15:20.167747,5,stop,0.6,121.8,21.985449733858072,-0.2502250013553594,1.8658184837737433,2.0607693807057457,0.6341742749074588,-0.11700814768703127,1.4823381129967788,-62.393709698123516,72.08995467958168,13.229846323694124,91.62341799802553,-23.128799806584187,118.05539780923179
A002,2025-05-11 12:15:20.667747,2025-05-11 12:15:21.167747,5,jump_takeoff,0.6,111.0,29.488980992906487,0.22079371686390958,1.3849648988765908,0.2501632431746036,2.5076781715706473,-1.0472168071099408,1.8194473925659973,-111.72336955808342,46.8988609820228,52.77287563237799,78.77428856065765,45.5911292966111,73.42420358199386
A002,2025-05-11 12:15:20.917747,2025-05-11 12:15:21.417747,5,jump_takeoff,1.0,132.0,34.911316216951775,0.016294864793327334,1.1785728424119633,0.9501135151707938,2.348879854594325,0.06937967857552074,1.8189775016539909,-13.046372653300827,112.9363303984205,105.75212124081445,76.53074850593687,10.521245769745097,78.60707397095918
A002,2025-05-11 12:15:21.167747,2025-05-11 12:15:21.667747,5,jump_takeoff,0.6,141.0,22.22611077089287,-0.3342621917445755,1.6101212138191678,1.0466626021459917,1.48505553200563,0.3193506779766217,1.1857967911890372,80.5871285316994,80.81875616924876,50.324715240691376,110.9039915942457,23.922430666531895,95.87565779418159
A002,2025-05-11 12:15:21.667747,2025-05-11 12:15:22.167747,5,stop,0.8,115.8,30.32094985319556,-1.287272127012036,2.1596744275787896,-0.5664890089527657,1.8201485265777002,0.8368413681955298,1.861632373290324,27.43387308302839,116.17143506228183,-67.78403577749495,68.32392520211418,-28.326415447303237,110.20630945924475
A002,2025-05-11 12:15:21.917747,2025-05-11 12:15:22.417747,5,stop,0.6,118.0,32.73530204534548,-0.18487320783188652,2.401866696866181,-0.815753806435301,1.7727259582694237,-1.179279134761456,1.3282523341263284,-11.976215517594289,82.38303779587147,-61.151096950123964,96.14748703385263,-0.5041153957590006,77.10210025307043
A002,2025-05-11 12:15:22.417747,2025-05-11 12:15:22.917747,5,start_run,0.6,125.4,23.54230235129946,-0.418304025150076,1.7340204308439173,0.25954870891738907,1.6161824373191227,-1.0190849972307476,1.5325460074048949,52.76162988586255,113.91601707875023,-20.70090595137173,88.06619965745409,8.200338632921818,123.47105398102775
A003,2025-05-11 12:14:53.417747,2025-05-11 12:14:53.917747,5,accel,0.8,135.0,27.003703449712226,-0.877829219756251,1.2906254991675594,-0.10368452972353932,2.170968505244599,-1.1391742986667015,1.5334259422005778,-54.52904970364176,71.12101497562968,-28.885732850439304,103.65403987704524,37.983943630455784,76.51053239557103
A003,2025-05-11 12:14:53.667747,2025-05-11 12:14:54.167747,5,accel,0.6,142.0,20.591260281974,-0.9038216900321739,1.2223986203697714,-1.7671058353743756,1.1435329047642404,0.8159266154706163,1.8157939175833968,-1.545093271970643,114.44749032110026,-39.808968428521766,99.15242277988493,-46.92453546673786,77.84292592587495
A003,2025-05-11 12:14:54.667747,2025-05-11 12:14:55.167747,5,stop,0.6,115.4,33.260186409579845,1.2198636514284498,1.264048575195026,-1.058658869919114,1.2589440414784998,0.4301650689316605,1.5755508788294843,53.09779164959828,78.73145968815182,-48.64591912162233,117.60391846452268,1.2312149393542682,111.63006516434308
A003,2025-05-11 12:14:54.917747,2025-05-11 12:14:55.417747,5,stop,0.8,101.2,17.22091751330341,1.382100421324583,1.8876967987804316,-0.14210641320968254,1.8586336784303157,-0.09078359281782519,1.3449983171342297,71.15401967518945,66.25108158401507,-4.179123393289103,136.27619516263704,10.358885242028322,92.55665197260717
A003,2025-05-11 12:14:55.917747,2025-05-11 12:14:56.417747,5,accel,0.8,116.4,30.68289425722417,0.6651558674536874,0.903453875982472,1.5425201401270185,1.0569808984959166,-0.7767789053956493,1.2832429123850224,-0.007975944879422058,107.657630682116,-1.7672193736439397,40.313275468275954,51.14917069263229,109.48393285275499
A003,2025-05-11 12:14:56.167747,2025-05-11 12:14:56.667747,5,accel,0.6,124.2,42.14451328464953,1.0514274380787194,1.222363655274975,0.3993301416964632,1.4842337802224637,-0.5466383128437882,1.2263162907071143,72.4390984099879,79.49943949185267,-23.566377017579022,37.48896192610028,35.91062221326196,70.07262477889473
A003,2025-05-11 12:14:57.667747,2025-05-11 12:14:58.167747,5,start_run,0.6,132.6,22.204504047602597,0.140322422857527,1.6948501657772608,-0.34725142292732125,1.6286813834150915,-0.5757232223726534,0.9877097115431475,0.7175639298689646,101.5527165980763,30.60411605679394,44.46744220815622,71.68925838171378,84.53856735110396
A003,2025-05-11 12:14:57.917747,2025-05-11 12:14:58.417747,5,start_run,0.8,140.8,23.55758901076254,-0.09313829451776443,1.0419928799996874,-0.7132427387747805,1.7110756473078002,0.3612038955867688,0.8520821014796389,44.18681008781175,119.86631158951859,41.8885970044825,53.36677786759703,43.03174551910048,98.55675630001465
A003,2025-05-11 12:14:58.167747,2025-05-11 12:14:58.667747,5,jump_takeoff,0.8,144.4,21.546229368499723,0.6307676061561608,1.2503176524924682,-1.391738955528838,2.022561119753835,1.0663610519650877,1.0246131528240248,34.56511598459787,87.13735655505653,2.849830657921251,96.59087520571607,-28.422943876394555,90.77141045325892
A003,2025-05-11 12:14:58.417747,2025-05-11 12:14:58.917747,5,jump_takeoff,0.8,122.6,21.57405849625888,0.2950682120641657,1.4867194970745963,-0.6145091790322896,2.055984081047159,0.35547500278397537,1.7955282184367831,30.565239836675165,78.89921413972412,-6.672365477392566,87.95644080053344,37.942030851497485,95.54197591876489
A003,2025-05-11 12:14:58.917747,2025-05-11 12:14:59.417747,5,sprint_mid,0.6,125.0,16.516658257650064,0.06636411963970304,1.8533263103728894,-0.11735223566443405,1.3142246441228536,0.29898948642704304,1.2169900114814627,-52.580656814509624,121.14556644550308,8.367212840070948,73.66396161008522,6.811086200144729,92.69703043756466
A003,2025-05-11 12:14:59.417747,2025-05-11 12:14:59.917747,5,stop,0.6,111.2,34.35927822291964,0.43848810909156377,1.4505736999751022,-1.0114191677325501,1.9189050775289322,0.3865142083515501,1.6089690265154033,60.11838442898638,110.41866571867128,29.728642838789494,116.12994463794412,-48.19488749136967,78.09681416952681
A003,2025-05-11 12:15:00.667747,2025-05-11 12:15:01.167747,5,landing,0.6,122.8,17.56587601003719,0.46007958994116843,1.985058763012402,0.18664710125804596,1.7095744441954046,0.5109674295310372,1.190083319724674,-23.098529302214477,98.81131316776607,-20.374244386585694,113.26383948416228,8.05271397739649,56.37554772416601
A003,2025-05-11 12:15:00.917747,2025-05-11 12:15:01.417747,5,sprint_mid,0.6,117.8,17.33666634621547,1.2268584977997867,1.0221416023864276,0.9698423490438165,1.572998925732094,0.8864607491918516,1.267821770598878,-73.93748697369688,57.848845541189164,-49.53508555692069,103.93846318919567,31.106106262612673,111.48166579132814
A003,2025-05-11 12:15:02.417747,2025-05-11 12:15:02.917747,5,start_run,0.6,128.2,21.58147353634594,1.0337558736090597,1.3990140500798856,0.3594466133460721,1.8590625184604312,-0.39369729279272414,1.4224127967104265,-60.12901883908243,101.63864080016315,92.67180540183504,51.15321193527364,-5.480254478873872,115.29427809868415
A003,2025-05-11 12:15:02.667747,2025-05-11 12:15:03.167747,5,start_run,0.6,121.6,23.83778513201258,1.458338193783781,0.6326413192265583,-0.664055396495151,1.9505918628052836,-0.6897062538934141,1.1358147251969437,-30.565503878904718,92.41622421315047,130.98623670523222,23.772551246856935,-1.0503547182087742,112.89427523792888
A003,2025-05-11 12:15:03.667747,2025-05-11 12:15:04.167747,5,sprint_mid,0.8,139.4,30.910192493739018,1.194285107637386,1.0836335050612185,0.31824967597292286,2.1170364377589244,1.0207664255028743,1.3951363989751098,52.89050460959413,119.78952671434058,97.20968308409722,48.33347373761408,1.8495106307373916,103.72371377618364
A003,2025-05-11 12:15:03.917747,2025-05-11 12:15:04.417747,5,sprint_mid,0.6,144.8,29.075075236360092,0.20442719063485182,1.157357446014326,-0.5145247335568847,1.8050374353982694,0.6467741439416403,1.671748307980019,87.48339045160684,70.68266995001176,59.33699333208658,89.59577655835822,-34.08496191446833,61.58222907012022
A003,2025-05-11 12:15:04.167747,2025-05-11 12:15:04.667747,5,stop,0.6,126.6,29.34348309250284,-0.5891571536052768,1.1887663848096888,-0.39606552568235226,1.6899018058820001,-0.48331519123028094,1.8387515733456514,61.89568297784162,51.52121264367925,-35.56362413400275,94.16143080450549,-60.974763508767445,24.59610678560175
A003,2025-05-11 12:15:06.417747,2025-05-11 12:15:06.917747,5,landing,0.6,137.0,28.865203966021095,-0.7260593328742343,1.9863795032452554,-0.31026598169419184,0.5317231402100145,0.8991493446491777,1.9352196625133173,71.91546104977516,71.51482768663261,-20.81930490621652,90.94670132947094,-6.597548133111715,80.65027754658007
A003,2025-05-11 12:15:06.917747,2025-05-11 12:15:07.417747,5,start_run,0.6,98.8,18.356470248934023,-0.7161325604430973,0.7585907314908749,-0.17567051093458602,1.9433772894612953,0.37302330361452296,1.834563742195612,17.82723113673361,91.68031636330696,-32.99357705617596,121.6557080298578,-13.524085486777045,82.6436849622673
A003,2025-05-11 12:15:07.167747,2025-05-11 12:15:07.667747,5,start_run,0.6,128.6,22.782449385437026,-0.38469456118101025,1.8917216830764705,-0.3846917394435551,1.8211423688251671,-0.6355601684653556,1.873162222131761,12.206057905275134,69.48189703226677,-22.87147397662979,124.72354094109046,-67.4204569831675,70.25722530209283
A003,2025-05-11 12:15:07.667747,2025-05-11 12:15:08.167747,5,stop,0.6,140.2,31.713719428663676,-0.03788171916119598,1.5556521752726877,1.1787867093257947,1.0052096037867708,0.024573038877716603,1.7964794890899645,-38.78614591507637,62.18856591564679,-5.311482751952047,99.5475947709348,19.954036254672708,74.89856072467441
A003,2025-05-11 12:15:07.917747,2025-05-11 12:15:08.417747,5,stop,0.6,118.2,31.562002471326185,-0.4575994375305809,1.121265308191432,1.5554375550376007,0.9082128209226619,-0.20677422513858018,1.4963359364856388,13.825043716969398,73.67932423359746,3.645526781371109,131.93678942905748,-12.80564761288916,67.87039178643586
A003,2025-05-11 12:15:08.417747,2025-05-11 12:15:08.917747,5,accel,0.6,116.2,31.179480431848123,-0.24941416359131213,1.6966381466927067,0.19747191616341944,1.8908403672333045,-0.25010021547048744,1.770785827920988,54.37042059597172,113.78079563565564,20.36878872269807,88.69240976734524,-39.90728892776655,96.86303318031054
A003,2025-05-11 12:15:08.917747,2025-05-11 12:15:09.417747,5,accel,0.6,140.0,21.614809737770074,-0.02478469230681739,1.412907887930109,1.004594099668139,1.735287133768428,1.2499573122048102,1.3672116780281536,18.13494438460016,107.41709360122056,26.773815756112676,94.29854239766128,-121.42603793185353,48.3961968509951
A003,2025-05-11 12:15:09.667747,2025-05-11 12:15:10.167747,5,stop,0.6,122.2,27.895519353473237,1.503197352835315,2.000771739034972,-0.24955695321030671,1.6124006678523128,-0.2441323405013986,1.4599030476706911,23.654534491385714,78.53776015192406,76.07227723155911,64.88198317437237,11.091101699272077,128.0837199019918
A003,2025-05-11 12:15:09.917747,2025-05-11 12:15:10.417747,5,stop,1.0,108.4,23.03562458454296,0.7346949256032753,2.339909754846985,-0.3708323631657089,1.4084746039017983,-0.4440469893353507,0.7036616153653441,37.463212220270705,112.85948265499913,49.82144391245647,47.35433276208501,-42.748743055563665,103.11232638509375
A003,2025-05-11 12:15:10.667747,2025-05-11 12:15:11.167747,5,jump_takeoff,0.6,139.4,31.947456862792695,1.138827219542515,0.8180418335884049,0.45875691676301,1.242114240351122,1.2900785157470023,1.0901358143070181,41.02477792469871,95.57208448487066,-40.17874168896145,103.65881473801329,25.855566479114078,90.36563325433782
A003,2025-05-11 12:15:11.167747,2025-05-11 12:15:11.667747,5,stop,0.6,143.8,30.596731851621012,-0.8899689782185056,1.8454376122807512,0.616793216885754,1.9868472802812203,0.3650314871710026,1.4808055071988233,43.92807095306657,111.19042366009934,-9.165522779538781,91.30098787514306,-15.146694913371798,132.7732929519339
A003,2025-05-11 12:15:11.667747,2025-05-11 12:15:12.167747,5,start_run,0.6,126.0,26.758176320519304,-0.07334676978464572,1.7557695199021883,-1.1483467211428051,0.89495873185202,-1.4505176464387888,0.9793886545448518,-7.476567577598405,68.04985859070298,3.1442144080280343,127.53103621663195,12.203544388273027,78.21579395616308
A003,2025-05-11 12:15:11.917747,2025-05-11 12:15:12.417747,5,start_run,0.6,132.2,35.835178247080066,-0.3613277292419569,1.634362955761306,-0.4852562739612972,1.0755873525049229,-0.9887030376675654,1.9331830456323609,31.843032539894683,73.1473738509578,38.5964543886674,115.53026370246546,34.507616547433145,103.43815653256247
A003,2025-05-11 12:15:12.167747,2025-05-11 12:15:12.667747,5,sprint_mid,0.6,125.6,26.687824939473806,0.6729311840075451,1.305726639807919,0.08997947261819092,1.6894326429404267,0.975385351625414,1.4107468515539152,74.88047934046423,89.87759297819053,45.46675538422225,92.10006818105597,55.87949560268646,105.3383401723424
A003,2025-05-11 12:15:12.417747,2025-05-11 12:15:12.917747,5,sprint_mid,0.8,116.4,6.374950980203691,-0.10395750188607297,1.338250132205604,0.1549354928695748,2.0955105668320657,0.25965678022108746,1.3347910620628443,-1.0301341172317051,115.59049621797094,5.620812277071923,131.51429261772867,22.610494766218824,80.84889021536614
A003,2025-05-11 12:15:13.167747,2025-05-11 12:15:13.667747,5,jump_takeoff,0.6,146.4,33.07929866245655,-1.1563418939314463,1.250010205587095,-0.25307746396689257,1.4073313944986094,-0.9521733646351327,1.647136183242697,-150.61973723175294,15.248062796824327,37.129537842664966,81.94368879278585,-4.297406412714702,114.03937822171225
A003,2025-05-11 12:15:13.417747,2025-05-11 12:15:13.917747,5,jump_takeoff,0.6,143.4,30.36840463376369,-0.5954918185121223,1.6169504335998752,-1.3387610002129953,1.0502828285409194,-0.3701231830811064,2.0609003272753488,-86.44787465506256,80.01349725082534,-0.16795246763271904,114.36521248355606,-12.231174845509637,87.7683211972083
A003,2025-05-11 12:15:13.917747,2025-05-11 12:15:14.417747,5,start_run,0.8,142.8,24.136279746472944,-0.5405913313079527,1.5277792371519645,-0.14728190447941164,1.884647053276104,1.1422445161519923,1.3997115605774426,2.4056097381362718,100.66690406840816,5.526528394928841,78.23497440698559,13.948606433186024,108.73310286444396
A003,2025-05-11 12:15:14.167747,2025-05-11 12:15:14.667747,5,start_run,0.6,147.2,22.595574787997762,-1.8527900407480231,0.8123108718404277,0.7628292624838042,1.670065267806397,0.7632816025258936,1.7987199053274763,43.3036325772985,127.22882283151391,37.56982454017716,79.36942661689478,112.21574593105238,63.52414948716182
A003,2025-05-11 12:15:14.417747,2025-05-11 12:15:14.917747,5,jump_takeoff,0.6,137.8,34.45228584578968,-0.894746346937365,1.9572650831071559,0.8607400121769594,1.662277461645699,0.9396395334096773,1.6267192164664426,84.43059639751257,96.31527780298755,32.26805823054669,76.69489205603793,90.59566004396672,84.11552445303838
A003,2025-05-11 12:15:14.667747,2025-05-11 12:15:15.167747,5,jump_takeoff,0.6,126.6,36.903116399567125,0.43885228543087607,1.961669614462889,-0.8818633025880629,1.8969337090545724,0.2220392038080364,1.1843414633603873,110.85408169285756,65.12289314274192,-47.881782527626676,64.59590864613189,7.611189295052253,120.56303823965969
A003,2025-05-11 12:15:15.167747,2025-05-11 12:15:15.667747,5,stop,0.8,118.6,30.070583632513685,0.2352637593483168,2.0080244440898625,-0.24565737167443466,1.6174856873506134,0.11293755379183631,1.130757481461025,-7.399812020758037,93.79979469005552,-12.856466366873168,130.9944546649815,-52.13456727081227,120.26438109917257
A003,2025-05-11 12:15:15.417747,2025-05-11 12:15:15.917747,5,start_run,0.6,124.6,27.310071402323356,0.3219406986309929,1.9541076871730438,-1.3488277028034272,0.87862550348671,0.04308332260758845,0.8877249043423652,39.17098332328304,79.50289822386388,-24.75493314037167,119.37789141663832,4.00280876119256,87.8734021805305
A003,2025-05-11 12:15:15.917747,2025-05-11 12:15:16.417747,5,accel,0.6,140.0,19.959959919799438,-0.3205621472354149,1.181345912314318,0.42608525086930166,1.7375707913999825,0.4679660971479378,2.1666280692755358,41.653330059859684,74.44134472709084,-4.797238912778627,101.75923397700988,4.0078331175419635,101.31627662344196
A003,2025-05-11 12:15:17.167747,2025-05-11 12:15:17.667747,5,accel,0.8,123.0,34.43254274665175,-0.048803130777893104,1.850330887091189,-1.185827715019028,1.2607605244739186,0.8072486716162037,1.3759217886798718,-84.50849246903803,73.40234152837114,-15.907185494337881,100.02494301816486,26.640596184186883,89.81782464398
A003,2025-05-11 12:15:17.417747,2025-05-11 12:15:17.917747,5,accel,0.6,126.8,27.337885799746843,-0.9744699495656404,1.5000822932144442,-0.5778705382568403,1.3580183132720376,1.0236020352742137,1.3159746780184671,-25.41859214451541,144.2511282372282,-10.96353930588754,114.80872177957367,-20.463497842097517,58.05356048457679
A003,2025-05-11 12:15:17.667747,2025-05-11 12:15:18.167747,5,jump_takeoff,0.6,130.8,20.321417273408862,0.223714992974637,1.7502791495986374,-0.8718383845979201,1.1168624902550555,0.4214260925065078,1.8177017440443286,22.86648933522889,106.95868351511213,-64.470575291953,101.32887033812948,-19.831599687731032,47.24766866260658
A003,2025-05-11 12:15:17.917747,2025-05-11 12:15:18.417747,5,jump_takeoff,0.6,125.0,26.053790511171304,0.42152675019395813,2.08964429567236,-0.6036503926117562,1.9238351806260772,0.5713782363066133,1.921908378591178,-17.690752869824497,70.854186653616,8.219246144048117,118.53098577938597,2.006899995772122,59.26073880642305
A003,2025-05-11 12:15:18.667747,2025-05-11 12:15:19.167747,5,start_run,0.6,127.8,30.779213765137015,-1.6083628981589477,0.9282989935828124,-1.3486992119518277,1.4288162576132637,0.8866951356494255,1.3686351778670351,-45.26140455105749,83.13619731116208,-94.48664717345594,50.07090021837282,37.0823804508942,91.585174386647
A003,2025-05-11 12:15:19.417747,2025-05-11 12:15:19.917747,5,landing,0.6,145.4,24.39344174158292,0.6016584156276614,1.85786506148338,-1.1869680778310427,1.5447734337467849,-1.2625730213226631,1.6052153276916996,-20.823030384542758,110.55380099833961,115.67996495898221,27.940162945571846,-70.11274839714842,90.77581668404729
A003,2025-05-11 12:15:19.667747,2025-05-11 12:15:20.167747,5,start_run,0.6,138.8,24.284974778656863,-0.2687950713530314,1.8796722513551147,0.789107009582108,0.49656976719521206,-0.6695123057475192,1.8770613667051224,-96.67359939584287,60.891629907216874,69.3690642589274,84.11820173236993,-9.275611663715292,65.83579679422252
A003,2025-05-11 12:15:20.417747,2025-05-11 12:15:20.917747,5,accel,0.6,145.8,28.749956521706256,-0.514025309958809,1.2454417603937393,0.1324542795317773,1.8408751394907776,-0.5617899389816655,1.4393866181708972,-79.45161351103184,86.28560160444462,4.888322229531042,70.72972933808244,-75.75247636841137,47.40667937782015
A003,2025-05-11 12:15:20.917747,2025-05-11 12:15:21.417747,5,landing,0.6,140.0,28.305476501906835,0.7344182588640125,1.2887996504466817,-1.2471809807398215,1.0642549439021398,1.6705000350851307,0.6551415794627733,-28.382296051706383,131.37627322235647,26.859310750156084,61.80737118311172,-9.471067686354846,49.36973190615881
A003,2025-05-11 12:15:21.667747,2025-05-11 12:15:22.167747,5,accel,0.6,132.4,24.71113109511582,-0.28531915080028564,1.9443883913810938,0.9850195814557544,1.640439364338856,0.5524287821143699,1.7404522215437157,27.5767805390445,115.09676987884389,23.177714674328264,76.81009954390723,-52.02151626153021,60.42974890360056
A004,2025-05-11 12:14:53.417747,2025-05-11 12:14:53.917747,5,jump_takeoff,0.6,145.2,25.055139193387053,1.7469222091106098,0.5886105906237771,0.31405126543953754,1.7259768721342588,-0.41540653627935475,1.8989627879907962,24.56387075158857,85.19406265185572,-31.26241832244823,84.28322022333585,-4.159224798857201,114.73997912226875
A004,2025-05-11 12:14:53.667747,2025-05-11 12:14:54.167747,5,stop,1.0,150.8,26.746214685446613,0.37634839604372033,1.515833671008055,0.8491482001611328,1.4325185813322183,-0.33150648118328496,2.3023975670054324,44.80235914877982,134.06406349471644,-20.86506431891825,49.92122311873446,-18.156127761778674,113.4742838689629
A004,2025-05-11 12:14:53.917747,2025-05-11 12:14:54.417747,5,stop,1.0,131.2,35.941062866865806,-0.578869824798087,0.8401312896685845,-0.07416203395702195,1.2137232402410032,0.4155861861775646,2.5724985144701122,39.130001843207324,140.023976127477,-56.469317004689515,24.894241158990233,18.247263138937896,88.61391042663499
A004,2025-05-11 12:14:54.167747,2025-05-11 12:14:54.667747,5,stop,0.6,121.8,30.34732278142505,-0.46515663046349787,1.2068294286404537,0.11303843901967028,1.729889728967024,-0.2989800658198102,2.2729318329181303,16.365766477722392,75.7294802289449,-31.96090233197034,103.61224405870459,0.5092082131436712,93.0330994842099
A004,2025-05-11 12:14:54.917747,2025-05-11 12:14:55.417747,5,start_run,0.6,96.2,14.551975810864997,-1.308283226068665,1.055797891754059,0.41752616129728964,1.4382020059556975,0.37810197266584855,1.9060683841642052,26.138631389289497,86.53574144373464,-30.484685174952254,96.79255324305464,17.174083308290015,86.50904699224466
A004,2025-05-11 12:14:55.417747,2025-05-11 12:14:55.917747,5,stop,0.8,113.8,13.644046320648432,0.7148329063350771,1.6360015194453983,-0.8020631300066787,1.9717745225510228,0.321065302991253,1.9718800070028892,33.93922989395214,120.68911027954097,21.54729662772744,99.39101749167213,56.056914814680496,49.45115359772767
A004,2025-05-11 12:14:55.667747,2025-05-11 12:14:56.167747,5,stop,0.6,122.2,17.91535654124695,1.1690853512596326,0.7811871505622994,0.5612188018705202,1.608872696620832,0.348795637053975,1.845082028608826,28.73256970238765,107.20345487243164,108.10479319574202,77.60282638905721,36.99550806440344,120.09012876767385
A004,2025-05-11 12:14:56.667747,2025-05-11 12:14:57.167747,5,sprint_mid,0.6,111.4,21.209431864149497,0.009419763692453875,1.5190322650354635,0.6021635901055913,2.097643585507542,0.3407001116943734,1.679248134995035,-8.557573709327801,76.42330127266118,-8.509699976014025,124.33573357178807,45.87936850386865,105.97210053924407
A004,2025-05-11 12:14:57.167747,2025-05-11 12:14:57.667747,5,accel,0.8,143.8,27.46197370911275,-0.46426730757551604,1.6513962645214018,0.38188900818920546,1.6831114368619708,0.31198290878037277,1.1124121996611276,31.949624120438965,127.39891801422797,25.249159081245892,71.59173137220161,30.271999895171952,106.70861369232827
A004,2025-05-11 12:14:57.917747,2025-05-11 12:14:58.417747,5,stop,0.6,96.6,13.908270920570969,0.5834511553200901,1.6466601414506525,-0.6993238310549289,1.481604308320844,-1.0234675203010495,1.0031544380135364,73.80726381575387,91.32550015669725,111.75311666455131,39.86410869922354,-65.21501476267147,61.87265979345283
A004,2025-05-11 12:14:58.667747,2025-05-11 12:14:59.167747,5,jump_takeoff,0.6,134.8,23.608473055240147,-0.6901055059502779,2.004676799961129,-0.6276736912904678,1.6701257449172648,0.8948797946950231,1.832763059991747,21.889090389169425,114.61394777479927,19.10311171308082,129.25930355794284,-27.497790183401627,126.82519135250581
A004,2025-05-11 12:14:58.917747,2025-05-11 12:14:59.417747,5,jump_takeoff,0.6,143.2,23.802520874898946,-0.16578254721329397,1.8751159331708693,0.17334189714494483,2.1210982700890595,-0.4722237568652332,1.9039862689608111,15.630436624360353,91.32704145445724,-44.692957993067466,89.72001433805771,-31.322346368234285,129.95934450174045
A004,2025-05-11 12:14:59.667747,2025-05-11 12:15:00.167747,5,start_run,0.8,101.2,17.045820602130014,0.24053116506829708,1.9978345632060404,-0.9461143546987337,1.1128926821237537,-1.6459789428984302,0.8785186105531572,-31.70281051198362,67.02320295166153,30.60765601889825,114.300020175695,-1.9881240421184514,99.84236382652693
A004,2025-05-11 12:14:59.917747,2025-05-11 12:15:00.417747,5,start_run,0.6,108.2,18.323755073674175,0.9815744494570927,1.6406301978344686,-0.1322371161056272,1.2181228143606586,-0.5724064340974421,1.8331192968003927,-39.89953818418437,100.67893590170073,-52.3913786836653,70.28989298796817,59.42939597053311,91.49629225481168
A004,2025-05-11 12:15:00.167747,2025-05-11 12:15:00.667747,5,stop,0.8,115.6,19.764614845728715,0.2391463696067116,1.740399536530578,-0.12403473823433098,1.4480160417908372,0.14976642789175817,1.2053483231274522,-20.933616297440263,115.49331030157687,-2.1251837348594678,108.28363760935444,64.08631731138557,71.9372679448176
A004,2025-05-11 12:15:00.417747,2025-05-11 12:15:00.917747,5,stop,0.6,113.0,17.92205345377588,0.16492433021845132,1.4245729814088066,-0.7189835659780581,1.8135635752438075,0.3641654782998084,1.512406105131597,14.599120824113132,97.48494290397105,8.94944220703282,120.53502087919344,92.33908078765111,72.90160364214546
A004,2025-05-11 12:15:01.667747,2025-05-11 12:15:02.167747,5,sprint_mid,0.6,140.4,24.67873578609731,0.6036214133885631,1.6507253235014594,2.23739362250414,0.48860260589745114,-0.41534773900954514,1.5861391999539292,-29.560666713541696,73.80887588104531,11.60556445301317,122.22622616677113,-6.559208688570507,62.5990523989417
A004,2025-05-11 12:15:01.917747,2025-05-11 12:15:02.417747,5,sprint_mid,0.6,148.8,29.6,2.0961104770448573,0.48615535168179375,1.4267723889468273,0.8735500930591399,-0.36286472840244216,0.632369180942723,0.3953036652479568,120.90257450739931,-2.4993299850627495,128.0808973035534,-4.038249799336813,67.5279666015168
A004,2025-05-11 12:15:02.167747,2025-05-11 12:15:02.667747,5,accel,0.6,144.0,22.908513701242164,0.4935457090304469,2.1286140350810747,0.54545272565778,1.1598350540818267,-0.28492176494112875,1.2058829796167638,5.510542216899552,148.09927790611863,14.839552642785568,81.48652827254122,94.5910885589908,47.91415968341993
A004,2025-05-11 12:15:02.417747,2025-05-11 12:15:02.917747,5,accel,1.0,132.4,10.49952379872535,-0.1678158382247364,1.7664997210456348,0.261309972554139,1.4676271949130806,-0.8632016794534725,1.2920559134725822,11.22109779608159,134.91607146177435,21.30733558245818,89.06051176146167,78.31101885549992,96.7632631549341
A004,2025-05-11 12:15:02.917747,2025-05-11 12:15:03.417747,5,stop,0.6,112.6,30.117104774529704,-0.786149157418137,1.1772138395690126,0.9458250397754263,1.3692722838558775,-0.748308137203686,1.2338499547351318,42.76145497064738,127.70172606344428,44.69355402530822,123.29863782285163,2.043178750150818,77.33329921919402
A004,2025-05-11 12:15:04.167747,2025-05-11 12:15:04.667747,5,start_run,0.8,152.6,29.357111574540163,-0.6897462413623383,0.9519803024246782,-0.49093425688320325,1.220638931937421,0.12114125975979144,1.423745505025485,12.096567876904164,150.52080629338357,-62.4920882873966,116.1499101644749,42.00240443681424,73.10607440713443
A004,2025-05-11 12:15:04.417747,2025-05-11 12:15:04.917747,5,start_run,0.6,139.4,36.69659384738589,-0.39730132017897724,0.6240535067808332,-0.6064120619734306,1.535523226494971,0.7216101055155187,1.8651635687818988,-57.39470263675006,118.85264086186164,6.07223087654728,110.52571599876207,25.505878881157077,63.643556135201216
A004,2025-05-11 12:15:05.167747,2025-05-11 12:15:05.667747,5,accel,0.8,106.0,16.211107303327555,-0.5538100152549327,0.9312124736016805,-0.47788332547259105,1.749030902832115,-1.0732607516768826,0.9927741893394469,-0.947811602687662,93.15128216345417,-85.5011152491002,85.2294528608889,101.40395376882351,42.49349284974297
A004,2025-05-11 12:15:05.417747,2025-05-11 12:15:05.917747,5,accel,0.6,116.8,31.237157361066,-0.7260449360344575,1.0465520121099332,-0.37099636841917827,1.7940150803994908,-0.43411035957263805,0.9851256536829301,49.28369301847147,72.35694566808836,-117.19935192076363,40.75198874830317,120.29165632033964,50.84041005849398
A004,2025-05-11 12:15:05.667747,2025-05-11 12:15:06.167747,5,jump_takeoff,0.6,134.4,27.817979797246238,0.37284557986398514,1.9507170559906273,0.6032432996493825,2.047846349823754,-0.5103601306574116,1.721035992503005,41.17146413324817,77.2334866592874,-45.16032463998099,99.7029204210488,50.25297604233127,89.64231811284847
A004,2025-05-11 12:15:05.917747,2025-05-11 12:15:06.417747,5,jump_takeoff,1.0,137.0,11.171392035015153,0.2114562297611556,1.8944635532583678,0.7735954573173162,2.0680832542931364,-0.8326735805296905,1.52153191098878,31.627282339149666,93.24652130983947,23.37650801916336,95.4957682372594,67.4742469295114,92.17257559408463
A004,2025-05-11 12:15:06.667747,2025-05-11 12:15:07.167747,5,accel,0.6,136.6,27.550680572356104,-0.592294434320515,1.194600101241193,0.5687121744046363,2.3511911054012233,-0.021534885003109183,1.3275778788658505,-39.1100600747723,73.38808234571286,36.85130688443736,56.564522322815385,-75.0036993504559,69.02768845812267
A004,2025-05-11 12:15:07.667747,2025-05-11 12:15:08.167747,5,sprint_mid,0.6,143.0,25.97691282658507,0.21722502858505005,1.6677795706238558,0.6992928134611498,2.077073714522273,-0.5891517088658498,2.368745306772009,-49.46550054384752,126.51122432507877,-80.69071327701685,105.15829587771036,17.300094027160057,109.63587295119936
A004,2025-05-11 12:15:07.917747,2025-05-11 12:15:08.417747,5,sprint_mid,1.0,145.6,30.539155194602223,0.09469872227608386,0.9393171355318292,0.5256007735793019,1.9624834978113028,-0.5945725526357835,2.0752029272624264,18.120211402955043,140.03112436331864,-110.72331854214674,86.59292076431062,-16.494522481194554,75.75061043297856
A004,2025-05-11 12:15:08.167747,2025-05-11 12:15:08.667747,5,sprint_mid,0.6,102.8,27.22792683991934,-0.38518672269734683,0.872197710058812,0.407797470126895,1.612358433084604,-0.060719749807188084,1.1928259516611783,96.93326335411953,99.96694810038284,-38.40325798527724,87.43569212539605,71.84023363098844,57.288075475070066
A004,2025-05-11 12:15:08.417747,2025-05-11 12:15:08.917747,5,jump_takeoff,0.8,119.8,35.779323638101374,0.38925140680343945,1.1090060085903752,-0.5647532760878565,1.0147557647378547,0.23126549536244126,0.6060493435059529,-12.52154766407251,106.38045940470028,22.928521737734677,73.06311882786385,58.40677030027176,97.1667719748524
A004,2025-05-11 12:15:08.667747,2025-05-11 12:15:09.167747,5,jump_takeoff,0.6,136.8,29.15750332247259,-0.6119220211794473,1.8399324110450996,0.6715833038530732,1.1983267668031323,0.545781532852781,1.6709998115914748,-61.4831391222315,49.35401349269045,41.80125068809662,63.92886489397603,10.620909761264267,131.14481381887276
A004,2025-05-11 12:15:09.167747,2025-05-11 12:15:09.667747,5,jump_takeoff,0.6,132.8,27.881176445767135,0.9776013824504558,1.7158530577346442,-0.01012929810741845,1.7624432571594073,1.7587833802699155,0.5908216461850881,-28.594455115845854,83.90392116638235,5.907763477402975,75.04620436647826,55.73189773404853,115.26762600570301
A004,2025-05-11 12:15:09.417747,2025-05-11 12:15:09.917747,5,jump_takeoff,0.6,129.8,28.138230221533124,-0.39845410397827263,1.7641400401042622,0.07009635368729347,1.5754544547433929,0.8050570417988169,1.3473004896374379,-17.025760388779652,81.02595270968273,-47.29645693296714,65.55145476321304,48.05824077330941,99.26809815197765
A004,2025-05-11 12:15:09.667747,2025-05-11 12:15:10.167747,5,start_run,0.6,131.6,27.88261106854952,-0.37318285537344387,1.9396615417482777,-0.8489017946283208,0.9052747887777209,-0.2173545016483664,1.4925049610953642,39.02310464615332,98.5310006291969,-87.69501598513969,59.60731244892485,-35.370659548658615,48.97332361774624
A004,2025-05-11 12:15:10.667747,2025-05-11 12:15:11.167747,5,jump_takeoff,0.6,141.8,23.978323544401515,1.256905070090919,1.5279418292339073,1.7560548341999003,0.8086334493257192,1.1090734901669494,0.8607198946368214,-3.833042903119815,71.33055576412012,-40.79160544337481,43.94750165061958,40.90154305661983,104.41103535124525
A004,2025-05-11 12:15:11.167747,2025-05-11 12:15:11.667747,5,start_run,0.8,121.8,38.39479131340604,-0.6092558892564794,1.7413422802642597,-0.356813709880505,1.676526367053875,0.9318348515429868,1.2610959318475556,19.02963186074349,111.90025711207724,-64.55559099039023,58.91755790201669,-76.66019145838803,86.21790052438784
A004,2025-05-11 12:15:11.667747,2025-05-11 12:15:12.167747,5,stop,0.6,114.8,31.018704034823894,-0.11749131655730034,2.0656038890092785,-0.5214573012199607,1.603390381553854,0.14005845997203897,1.769659578473591,12.057298329922858,93.98591944748465,40.43608825723716,78.45062196257828,-24.06198756119285,120.2917105368626
A004,2025-05-11 12:15:12.167747,2025-05-11 12:15:12.667747,5,start_run,0.6,139.2,25.451129640941282,-0.018836902561768287,1.8591194881336721,0.09345404290714736,1.7891481885619787,0.7986750815079551,1.4132150768703544,22.728562633130327,67.84177678650612,9.348544810917707,129.8237947375142,12.452483696076484,87.0097432767196
A004,2025-05-11 12:15:12.417747,2025-05-11 12:15:12.917747,5,sprint_mid,0.6,123.0,28.220559881051262,0.6935742659766028,1.4259222604905546,1.0297820190817495,1.954265925151778,0.6295183290268829,1.4606450541903762,9.285595706989323,66.93098950418806,24.26824751250419,87.15846664886,-11.307135635150564,101.64020042018893
A004,2025-05-11 12:15:12.667747,2025-05-11 12:15:13.167747,5,sprint_mid,0.8,119.8,25.427544120500507,-1.0786595361921756,1.6480620070587024,1.5531410499234957,1.3962851467444897,0.26694879598908877,1.1600038800859622,46.98146535062241,57.703768270429165,-12.485933717366459,88.1940577776277,-73.80347062961194,115.75492137068993
A004,2025-05-11 12:15:12.917747,2025-05-11 12:15:13.417747,5,sprint_mid,0.6,125.6,35.319116636745036,-0.9419710395171599,1.4939187218615482,0.421590593407002,1.3966418417520958,-0.957369878706795,1.4305081228889927,55.85428211396281,58.35747599238518,-10.588784496079942,130.732664142768,-14.881278954335894,141.13618595589585
A004,2025-05-11 12:15:13.417747,2025-05-11 12:15:13.917747,5,start_run,0.6,117.0,27.720028860013837,1.061498924035885,1.2546418307363487,1.2443062286172235,1.1699418290790862,1.9139775682829447,1.1443334930965718,6.491696077063184,98.08010026662632,-31.452436928945428,121.0094500451308,-43.14234576863545,126.14066361717873
A004,2025-05-11 12:15:13.917747,2025-05-11 12:15:14.417747,5,landing,0.8,119.0,23.263705637752555,0.23657455150049503,1.2521746768178068,0.09641686177603796,1.7260426713727424,0.36291857537173,1.0486769049724523,11.587337422220244,95.41822898191612,-42.29350367999735,77.37950997793615,-15.243238533247927,99.48272527591402
A004,2025-05-11 12:15:14.167747,2025-05-11 12:15:14.667747,5,landing,0.8,126.0,25.099800796022265,0.21217999661703627,1.787570246289739,-0.2818715910093542,1.6011601530840154,0.06004697476835523,1.0520098157112732,-4.3357100850297625,114.23094142794987,-23.768767086257547,48.08271922325866,87.90687378269097,89.94608180914447
A004,2025-05-11 12:15:14.667747,2025-05-11 12:15:15.167747,5,jump_takeoff,0.6,110.0,27.892651361962706,0.4545463836292959,1.685060378043871,-0.4763103841423858,2.097874230880668,-0.9037255376711226,1.3368373520788257,-3.94016988298126,65.76081434279608,-46.5688342282613,110.79639470120264,-90.53354171103314,57.113646118286596
A004,2025-05-11 12:15:15.167747,2025-05-11 12:15:15.667747,5,start_run,0.6,118.6,19.561186058110078,-0.6479833696258861,1.379473994689672,0.25103235301527993,0.9315522765198629,-0.7476516807383268,1.1846720990029704,37.29803562241304,114.54516908991786,47.52118609472116,101.84627627218858,-26.12787364585311,98.54705864263529
A004,2025-05-11 12:15:15.417747,2025-05-11 12:15:15.917747,5,landing,0.8,123.0,18.3412104289766,-0.8803849380065545,1.3980542637615776,0.6690556014241011,0.695764353915965,0.01844957550639137,1.8038785388167098,126.89188396730087,33.477819309727145,2.7978467100938444,106.8489785946321,-31.727003360298283,116.1692898523501
A004,2025-05-11 12:15:15.667747,2025-05-11 12:15:16.167747,5,landing,0.6,131.0,14.546477236774544,-0.3920415438432542,1.4682069144539225,1.2427936790694023,0.8988962122411782,0.010032911007711176,1.9474700416662836,69.52887041556619,107.60420657205609,-10.626633189663284,92.6620562632232,18.685984557636537,88.82918517203397
A004,2025-05-11 12:15:16.167747,2025-05-11 12:15:16.667747,5,landing,0.6,112.0,27.763285108214408,-0.12393559151188956,1.6157915276014112,0.7086106408186466,1.89197776542234,1.076057899534955,1.7372853044523968,14.135958113461644,109.5997816194602,52.80426857546072,75.5037604782696,-93.87341518063617,60.26329732785185
A004,2025-05-11 12:15:16.667747,2025-05-11 12:15:17.167747,5,stop,0.6,116.4,26.043041297052845,-0.5125763121582457,2.2951876616867244,-0.08068063187158385,1.8039681092375646,0.51243947696991,1.356775799855862,-58.159919833247855,110.12311908376884,22.288578221461382,106.07470479264954,-4.946344823147672,130.70648447067407
A004,2025-05-11 12:15:16.917747,2025-05-11 12:15:17.417747,5,stop,0.6,140.6,20.8096131631513,-1.7436594515220498,1.6765398001923928,-0.8918255127319753,1.2788941658325703,1.0403996534699984,1.17895195714414,-42.16390343073684,108.83219012594863,16.72762519992496,112.32634488899456,97.36960978233029,120.74338874210325
A004,2025-05-11 12:15:17.167747,2025-05-11 12:15:17.667747,5,stop,0.6,135.8,22.319498202244603,-1.8697174413447768,0.44720801762448703,-0.5342775033269663,0.9934515488440258,1.589870759791222,0.8734058398354261,31.619825478306716,122.62088790204722,54.753591383773276,86.25272787400593,31.850416114386725,122.15336011829595
A004,2025-05-11 12:15:17.417747,2025-05-11 12:15:17.917747,5,stop,1.0,129.4,22.878811157925142,-1.379835999717077,0.28569741608448246,-0.024727640181280108,1.3679752760349508,1.1218032187437719,1.0559061033546808,-23.73084835328469,161.90475312336073,26.195487590313824,86.33315767380596,-6.4217988788673015,83.02360547848454
A004,2025-05-11 12:15:18.167747,2025-05-11 12:15:18.667747,5,sprint_mid,0.6,137.6,16.19382598399773,-0.7651312576196165,1.7332732159531135,-0.7275740575599323,1.615192924412193,-0.3704342291245117,1.2340432797331824,17.35680349048437,118.12169330408807,21.540329635733894,150.73784649440915,-1.4342822444333336,79.8397466882289
A004,2025-05-11 12:15:19.667747,2025-05-11 12:15:20.167747,5,stop,0.6,124.2,34.96512548240032,-1.1202318369528814,1.6238936205707597,1.1117117089971582,1.0586980985705472,0.679878307104067,1.539597257756436,-52.58936615935695,105.3872110578224,12.691773094109578,136.7452006339736,-7.02406618162089,55.3220108946266
A004,2025-05-11 12:15:19.917747,2025-05-11 12:15:20.417747,5,accel,0.6,116.8,28.06706254669341,-1.2105728793498627,1.502819986664443,0.24329909733928137,1.6512880187450132,-0.04697111453972003,2.0668466805285037,-51.69307893110531,82.17252678329918,22.153423404510516,108.40723169856858,-18.35439938900037,95.05488082007268
A004,2025-05-11 12:15:20.667747,2025-05-11 12:15:21.167747,5,start_run,0.8,125.8,29.23285822494954,-0.5870717421171234,1.7708083342470629,-0.16543711120115806,1.0117821395946893,-0.13099158260882843,1.7767686255067867,41.020659257818,123.2443270414203,31.728772099235158,98.95003955292597,1.9183177444333352,136.14248429456057
A004,2025-05-11 12:15:20.917747,2025-05-11 12:15:21.417747,5,start_run,0.6,123.8,18.50837648201484,0.2395409211730204,1.9416012262476328,0.04442552260874573,1.3927267192257387,0.18671342679761524,1.616070166497365,-26.291643940490076,121.95088994834902,-3.446713302415097,86.16834720984167,89.98873433505295,106.32256730014706
A004,2025-05-11 12:15:21.417747,2025-05-11 12:15:21.917747,5,landing,0.6,138.0,11.331372379372237,-0.6372970435891109,1.8295719868812363,-1.0088318592865537,1.8151586567080964,1.218138270926223,1.4164220309027888,30.353124730144277,81.23593520166075,92.30680929708836,88.17870257493249,-34.55044513662859,57.623509363315925
A004,2025-05-11 12:15:21.917747,2025-05-11 12:15:22.417747,5,accel,0.6,138.8,32.239106687375816,-1.8284069414392934,1.098078729730881,-0.04933489669701753,1.9760357546749403,-0.3820454637115135,1.738525377229053,70.11945973936929,52.617840436730454,16.606596141920967,79.06060367172888,-1.1305615064309478,83.26724250656666
A004,2025-05-11 12:15:22.167747,2025-05-11 12:15:22.667747,5,accel,0.6,125.4,28.443628460518184,-0.49784800461398343,1.2562496717611147,-1.3256177128619075,0.9887003187880394,-0.3459410867031293,1.6152428865358976,-29.128277579524973,103.30356312120976,74.55049669162472,75.84814182916834,-32.05363085910646,139.56355683075944
A004,2025-05-11 12:15:22.667747,2025-05-11 12:15:23.167747,5,start_run,0.8,119.6,30.368404633763692,1.6005811436256092,0.39634167652991065,-1.0215136719726172,1.2491227166152032,-0.1480381309868596,1.7117556768811106,39.59048472911761,129.0091524906689,5.539605863054544,96.15667076797317,44.22035510299601,91.44078032043436
A005,2025-05-11 12:14:53.417747,2025-05-11 12:14:53.917747,5,sprint_mid,0.8,116.6,27.28076245268816,0.08257793166201344,1.6352421207029086,2.3320033751121727,0.7563927399048901,0.9266664756217338,2.095133813672079,42.07794485219805,53.032530756368786,-24.470736160483114,127.86714164004661,33.10582767546602,88.59516551112641
A005,2025-05-11 12:14:53.667747,2025-05-11 12:14:54.167747,5,sprint_mid,0.8,129.4,13.720058308913996,-0.410411137434885,2.0126364342806045,0.7918496623709215,2.0178927678602676,1.4637916662705444,1.8839898920948028,46.36983075555569,51.390347617586485,11.034680813699405,126.42003535179916,-5.000287948182614,107.5571141882168
A005,2025-05-11 12:14:54.167747,2025-05-11 12:14:54.667747,5,start_run,0.6,112.2,18.280043763623762,-0.5047818591922287,0.9412246251132639,-0.7972360352206465,1.8394345524384352,0.8156687948005683,0.8975741200390798,-74.43335543798818,44.49784395568196,84.10982746501139,65.99617934036176,4.957000397143878,95.20965216302389
A005,2025-05-11 12:14:55.167747,2025-05-11 12:14:55.667747,5,start_run,0.8,125.4,28.267295590487606,-0.5202371267249887,2.0914385781936415,0.879887647077315,1.5877588644812075,0.39181638382747586,1.6217354221524731,-28.49609386789702,109.60914079217818,86.80317633677564,122.20375474967787,56.64740919244215,99.53993091167021
A005,2025-05-11 12:14:55.417747,2025-05-11 12:14:55.917747,5,start_run,0.6,126.4,27.42699400225989,0.12569128081936812,1.9707971667063968,0.7123608743346889,1.3677795461523747,1.0150160957429297,1.5154243942347667,-52.45682376825105,63.1822857513563,105.34398505625923,80.96249316557797,96.71984552032939,84.81939436771827
A005,2025-05-11 12:14:55.917747,2025-05-11 12:14:56.417747,5,jump_takeoff,0.6,126.4,31.493491391079523,-1.373631508930956,1.2393137728442698,0.33372680454338466,1.671217133282446,-1.8286675738655387,0.8218966605038673,-25.84095636696418,39.263349894463204,55.348940304209385,88.02458192232021,48.935520277119686,105.6516414701654
A005,2025-05-11 12:14:57.167747,2025-05-11 12:14:57.667747,5,accel,0.6,138.0,25.147564494399848,0.9352068987571247,1.7739910315479,-0.4959958164165523,0.8943797873137631,0.2633334264550058,1.5833223369829743,-37.10845777076934,106.43157293538559,18.331760801624036,110.72028855178372,-61.77911180146712,136.64298630649324
A005,2025-05-11 12:14:58.667747,2025-05-11 12:14:59.167747,5,accel,0.8,124.2,26.430285658690867,0.7668128210890065,1.0237084220959738,-0.665799324725545,1.4627798216437053,0.3370228004767625,1.1483372721689833,48.57816732052499,63.6633289149043,21.379630951319147,65.95626716534815,-37.35212439449865,100.56661441904436
A005,2025-05-11 12:14:58.917747,2025-05-11 12:14:59.417747,5,accel,1.0,136.2,24.284974778656863,0.9144784435725304,1.3226540314173714,0.49424166178621676,1.7821640356728203,0.3702027554923302,1.1744449544099693,59.23094747866253,68.38063679808349,86.49447410434304,49.8953793274968,-18.019050239957995,114.64468294209263
A005,2025-05-11 12:14:59.667747,2025-05-11 12:15:00.167747,5,jump_takeoff,0.6,124.4,27.118997031601296,1.3457901285446163,1.605731313526484,0.12443980631746068,1.5493443544440237,-0.4582348323002174,2.136772021250513,-58.50536900364089,34.38277489920432,-96.70199892129912,43.23595032448666,-34.84035934033566,110.27695007141891
A005,2025-05-11 12:15:00.417747,2025-05-11 12:15:00.917747,5,landing,0.6,135.6,32.234143388649244,-0.8198116634115946,1.8653863226427236,-0.42857374432567097,0.8168312150367595,0.21435492557059974,1.3638194068956329,-28.55726336797157,92.1633298861747,83.52312764483011,107.046660669493,4.083272871640958,110.90043938929941
A005,2025-05-11 12:15:00.667747,2025-05-11 12:15:01.167747,5,landing,0.6,111.4,14.513442045221389,-1.5845089495690723,1.315385991493823,-0.2945137530099394,1.4446835113480252,0.6582063905791523,1.8151806466932332,-12.601648866311313,101.93776092491862,31.086218079227034,124.60813815487317,-45.043730818953264,74.96854844856385
A005,2025-05-11 12:15:01.417747,2025-05-11 12:15:01.917747,5,accel,0.6,147.4,28.189359694750074,0.09184082888243017,1.6835165588332837,-1.0943482703219956,1.7425027039808694,0.2071665560308796,1.7248516448982885,56.5477824123581,57.258633903539355,47.340250426946724,86.83194608326271,22.047213753432935,37.203479221179904
A005,2025-05-11 12:15:01.667747,2025-05-11 12:15:02.167747,5,accel,0.8,127.8,28.67333255831976,1.0880934061654286,1.2264314595109354,0.1529536289063139,1.948223835578225,0.24582897669001155,1.60992536638904,-43.97396734725097,40.71602365016794,2.60790816961115,98.90562217780175,17.63367172837271,78.91543814036291
A005,2025-05-11 12:15:02.167747,2025-05-11 12:15:02.667747,5,jump_takeoff,0.6,123.0,36.2160185553299,-0.20917522238276084,1.1695307932986065,-0.38514627062902496,1.4645540074165413,0.0936233753711817,2.118175901221022,23.326083316987283,52.3128503959114,-3.472919986376854,115.67429114178854,-16.21951638858597,107.44698493433337
A005,2025-05-11 12:15:02.417747,2025-05-11 12:15:02.917747,5,sprint_mid,0.6,151.2,22.444598459317554,-0.9006076097534237,1.3428074228939793,-0.6455323055338246,0.8736177027798836,-0.9187789262578505,1.7015179920135293,33.484067599498424,102.66483300833796,-25.479768976577002,106.18178149450213,-83.8488360230616,60.167728184192505
A005,2025-05-11 12:15:03.167747,2025-05-11 12:15:03.667747,5,jump_takeoff,0.8,140.2,28.44925306576607,-0.18479080496059427,1.732517003574073,-0.24453080129107221,1.6630721313130574,0.10388506149197482,1.6371130474601974,-13.440362657163131,140.31118280666576,13.313281838418282,126.02941570891866,-16.529527168710207,128.5602590754939
A005,2025-05-11 12:15:03.417747,2025-05-11 12:15:03.917747,5,jump_takeoff,0.6,144.0,21.66102490649969,-0.03747992271792646,1.2330771007729489,0.9782306520157743,0.8561588321131901,-0.7698991917740324,1.6118426087974413,-31.653286873668055,124.71892932755858,7.934724873482258,123.65268166860501,30.48546537293219,114.65389257196259
A005,2025-05-11 12:15:04.167747,2025-05-11 12:15:04.667747,5,jump_takeoff,0.6,136.2,21.008569680013913,-0.790671891373776,1.7735184135638271,-0.552931483792959,1.7694997699029724,-0.3915367808579786,2.054014789353178,-19.80449069633227,110.30024936949896,38.55585742525852,122.84749182443056,-56.27421553666146,78.35230338392398
A005,2025-05-11 12:15:04.417747,2025-05-11 12:15:04.917747,5,start_run,0.8,135.4,25.42911716910361,0.13030193694139874,2.0352263132209494,0.4379040936249762,1.834847434081924,0.13408072163533688,1.6251683794320628,-74.4059277583428,79.4563998834633,-51.45092996028492,110.96461530025094,-74.67840025912606,51.19706261423082
A005,2025-05-11 12:15:04.667747,2025-05-11 12:15:05.167747,5,start_run,0.6,148.0,19.88969582472291,-0.37218346677045483,1.9409115364617295,0.5764800827699542,1.4376229225718191,-0.0631000704474948,2.290919845993574,-74.5254164254238,65.7797126000236,-22.899725055660955,111.51958217761717,-13.943798752021342,128.29392402128101
A005,2025-05-11 12:15:05.667747,2025-05-11 12:15:06.167747,5,jump_takeoff,0.8,106.4,13.380582946942186,-0.00521930116715823,1.0237398904125636,0.4416177915276773,1.6345084383905,0.7373403306925641,1.3639182334926871,-66.56127534409511,116.21959987692006,61.160037241634335,117.92079413653622,-60.281761056809316,66.21230903061135
A005,2025-05-11 12:15:05.917747,2025-05-11 12:15:06.417747,5,jump_takeoff,0.6,112.8,33.3250656413457,-0.21880797834864024,1.5778744434767882,0.16593763647626422,1.789003141644476,0.5236587608604868,1.8666216987445412,-15.182944349491743,116.07072703454054,-12.738774349404673,141.72741167132284,-35.18668667518511,74.91725125253747
A005,2025-05-11 12:15:07.167747,2025-05-11 12:15:07.667747,5,jump_takeoff,0.6,119.2,30.261526729495987,-0.5337808715896466,1.911407958797605,-0.1891476612642664,1.5042500121863114,-1.0247714069927567,1.2004520000378553,13.711009082022462,104.88262212949311,-52.95318361657653,105.40880054460588,93.95538897136977,22.599551603382395
A005,2025-05-11 12:15:08.167747,2025-05-11 12:15:08.667747,5,stop,1.0,137.4,15.46091847207015,-1.1354666495878365,1.8459545019210772,-0.3516682645230699,1.8120609247259711,0.08117220222846591,1.6379794540233892,53.55289799880141,81.00918216087607,55.820869491859824,41.545540706006875,83.00398930898476,111.98221890167528
A005,2025-05-11 12:15:08.417747,2025-05-11 12:15:08.917747,5,stop,0.6,126.8,27.730128019899226,-1.3684778505671638,1.116434548315137,1.3471361586559947,1.2201002491584534,1.3018374040754472,1.5917721181944737,16.424683660191405,96.30242358967114,71.4651485782924,43.31161220040157,-9.040997503067285,115.0633164982054
A005,2025-05-11 12:15:08.667747,2025-05-11 12:15:09.167747,5,start_run,0.6,108.2,17.554486605993354,-1.12327093327464,0.697071261000431,0.7918330624264005,1.5074764611834854,0.5924674674334328,1.8906044915580558,-102.7740499306894,87.01502043584655,16.78820315933343,90.02643575678108,-36.709768931500484,88.72337065942806
A005,2025-05-11 12:15:08.917747,2025-05-11 12:15:09.417747,5,start_run,0.6,120.8,24.044957891416654,-0.011894456095293781,1.5072823054196667,-0.49391719607113016,1.5404801838835336,-0.27428544637027,2.060146558143488,-70.48515232892662,108.37335855000167,24.79749408557135,95.86658563548083,-33.95266948814142,81.21511584004787
A005,2025-05-11 12:15:09.167747,2025-05-11 12:15:09.667747,5,jump_takeoff,1.0,112.8,25.063120316512865,0.3800804776463661,1.7887828012984874,-0.23163548690853375,1.6620405610323556,1.1253495579718253,1.885632123398976,0.30993606035935384,59.39523093449818,0.5474237248698302,114.59687215058726,-47.372486190885944,96.7775647639148
A005,2025-05-11 12:15:09.417747,2025-05-11 12:15:09.917747,5,jump_takeoff,0.8,124.6,28.345017198795276,-1.063668863307225,1.696738441576092,-0.8653971271653074,1.855958703340469,0.9542306400750512,1.6303583838878997,-58.192833400160815,42.55206662992086,-43.453828279070805,93.76553892145887,-26.439164026351488,108.55448859926722
A005,2025-05-11 12:15:09.667747,2025-05-11 12:15:10.167747,5,start_run,0.6,137.4,25.263412279421004,0.8872030855513028,2.3834645695788463,-0.5397327487880565,2.4679772968996496,-0.3209813982876172,1.9457644047200418,45.013294435464076,110.35341788847352,49.99869344521336,102.07372765148284,32.22621061883084,71.37139414443351
A005,2025-05-11 12:15:09.917747,2025-05-11 12:15:10.417747,5,start_run,0.8,145.4,31.550594289173066,1.2913894411101665,1.8470357744766817,1.2936886590777237,1.8128588844890137,-0.4184729451800835,1.6938677676284364,105.62040497794654,40.48878030202441,28.93130425000053,124.49765554687657,-2.142625849594117,86.05760763191483
A005,2025-05-11 12:15:10.417747,2025-05-11 12:15:10.917747,5,accel,0.6,155.2,22.52465316048174,0.3897787659252743,1.2774215939419626,-0.13542431243179695,1.602585917689976,-0.34514541852042124,1.8997671101050064,-13.973606783026332,24.30105061706,25.702836300782916,89.17018340416861,73.43860381031418,81.28584010217045
A005,2025-05-11 12:15:10.667747,2025-05-11 12:15:11.167747,5,start_run,0.6,139.4,25.65618833731932,0.1160331376566182,1.8664580015383168,-0.09535533764609908,1.6807189365946038,-1.2190246514292298,1.3772520358248135,31.074294938042442,76.31528206352432,15.78027143106965,103.30492775346254,2.2370739963886193,122.44676110454125
A005,2025-05-11 12:15:10.917747,2025-05-11 12:15:11.417747,5,start_run,0.6,126.2,22.355312567709717,-0.3261019301467246,1.5251273111221615,-1.1161368493891959,1.2159939477509532,0.062034018100729685,1.710768152761679,21.08420134067351,114.00062081864846,-55.51591126103767,102.85944357414654,-7.746658278211859,110.04755957005001
A005,2025-05-11 12:15:11.417747,2025-05-11 12:15:11.917747,5,start_run,0.8,152.2,22.139557357815445,1.3354875152087935,0.9594345361357101,-1.0799304838968589,0.6969650856062019,-0.8033566379504954,1.9588170575107617,-48.18230869643971,60.43069120705721,-60.58142082587485,87.88888496428129,0.7680791638621087,102.15170354718416
A005,2025-05-11 12:15:11.667747,2025-05-11 12:15:12.167747,5,start_run,0.8,136.4,23.5762592452662,1.2766149565862985,1.7955047484123388,-1.6068188789336297,0.7109045318105326,-0.2528061644374645,1.4851424276696588,30.9995977064827,89.71951097445996,-67.63903597822826,105.25872424194455,25.92848586204833,142.77479962882586
A005,2025-05-11 12:15:12.667747,2025-05-11 12:15:13.167747,5,jump_takeoff,0.8,132.8,17.70197729068705,0.29986856699835646,1.6059706394698787,0.4502992504176982,1.7021933027752996,-0.7291587401738899,1.510357219484772,56.70332131853853,90.01190587671861,25.28031918051792,88.30013614250852,1.0953412900229864,104.09790755174275
A005,2025-05-11 12:15:12.917747,2025-05-11 12:15:13.417747,5,jump_takeoff,0.6,119.2,18.669761648183943,0.8008832338930951,0.8218610254305364,-1.1193511600216834,1.1765045083936894,-0.39961239179136426,1.284922925702584,-2.8314596639222342,99.13423406206478,-15.765826942212811,78.87135518025572,-51.210170661658864,94.07555355881468
A005,2025-05-11 12:15:14.167747,2025-05-11 12:15:14.667747,5,landing,0.8,133.0,24.058262613912916,-0.23136477637253455,1.0668679683302715,1.3055532263142509,1.5073714372346052,-0.6851067644308401,2.1177996458453245,49.718344736058945,38.6682534572964,3.9896838948347577,69.1079365270207,-8.540612535338727,40.40930148868334
A005,2025-05-11 12:15:14.417747,2025-05-11 12:15:14.917747,5,landing,0.8,129.0,19.462785001124583,-0.32163467495119535,1.2780837272687409,0.7236105645002067,1.3579911571133958,-1.3546023287863724,1.15998587930068,49.457204285816886,39.152301955834396,-43.150450900739365,30.48044121471132,-22.778380188678717,43.7776101276412
A005,2025-05-11 12:15:14.667747,2025-05-11 12:15:15.167747,5,start_run,0.6,143.2,17.03408347989407,-0.2519225840178857,1.5580797266371735,0.36040008624832043,1.4489434962756431,0.4686537230980556,1.4110176635117426,7.830437835178441,109.87222864857462,-6.086954718551112,70.22192491440691,54.90892134857377,80.87390238977105
A005,2025-05-11 12:15:15.167747,2025-05-11 12:15:15.667747,5,accel,0.6,107.2,18.323755073674175,-0.6327125095427582,1.9771787551197473,-0.6495270021512594,1.8099144022029712,0.20630031030416102,2.100894019945366,-46.185334530921764,110.6770697539355,9.353149306199237,68.92508849372986,-38.001922925629955,101.0187912746671
A005,2025-05-11 12:15:15.417747,2025-05-11 12:15:15.917747,5,sprint_mid,0.6,128.6,33.72595439717014,-1.3043543702750968,2.010619720440202,0.5346871167157542,1.8112018309861329,0.2099716129337633,1.819320395616512,-29.598494606213087,110.98137015869355,32.73557714808082,58.92102495878517,-77.14846862830643,85.16546728449326
A005,2025-05-11 12:15:17.167747,2025-05-11 12:15:17.667747,5,stop,0.6,138.6,33.46998655512129,-1.2605234467273325,1.1615867279711858,-0.79349629171833,1.6627667802848107,-0.9573014022164099,0.787754726284418,42.26648384268451,116.27053613979122,94.90340841065512,50.738054229618676,36.26770202644289,59.01645068272162
A005,2025-05-11 12:15:17.417747,2025-05-11 12:15:17.917747,5,stop,0.6,150.8,20.614557962760202,-0.6875111003639576,1.8188464064975327,-1.7016940664232756,1.1036858976309027,-1.1262373931394742,0.8540504999396878,57.32488502021317,115.6918660184067,37.34547964316456,80.53255286947815,0.25241005427477176,78.4328890638259
A005,2025-05-11 12:15:17.667747,2025-05-11 12:15:18.167747,5,stop,0.6,128.8,12.155657119218196,-0.5139643942506011,1.7505192867379278,-1.3709486509287132,2.0670879154390422,-0.29968631127040657,1.2081631267509854,37.12830689214051,54.39155240841436,-43.01294520890922,53.33680756634243,-11.737515093854068,55.84631534447275
A005,2025-05-11 12:15:17.917747,2025-05-11 12:15:18.417747,5,stop,0.6,121.0,12.93058390019569,-0.5637589308423352,1.01238108873615,-0.35067604856952783,2.258281061487557,-0.7814099209020247,1.6766255139272361,33.037062301819944,77.40950162526534,-34.99721871849639,88.64432816795484,19.372181405807574,67.54641788944403
A005,2025-05-11 12:15:18.167747,2025-05-11 12:15:18.667747,5,start_run,0.8,142.8,28.519467035693356,-0.7567220642901633,2.0391186141765916,0.4595263134641253,1.854662769881077,-1.6462429985197826,1.490662315961411,17.488882446422277,94.08441341922905,-52.454698805350155,97.73681666787046,65.94809367608943,75.65238884034255
A005,2025-05-11 12:15:18.417747,2025-05-11 12:15:18.917747,5,start_run,0.6,157.6,22.703303724348135,-0.4125460594118843,2.410812198898847,0.08471603321100085,1.5498411742584342,-0.8458447628414272,1.4731286766203462,-42.52293874094918,84.47249016191881,10.545371661926557,115.52346056899371,54.04038164443178,72.81127495596424
A005,2025-05-11 12:15:19.667747,2025-05-11 12:15:20.167747,5,landing,0.6,166.0,8.07465169527454,-0.4913543343071815,2.205356098136726,-0.31307742786600334,1.1820395656638443,-0.21457118193346067,1.4253910765018964,-17.20590162133052,112.94696934220737,51.32132352192008,112.88792140912021,61.97182013281184,111.96193874514434
A005,2025-05-11 12:15:19.917747,2025-05-11 12:15:20.417747,5,landing,0.6,161.0,19.078784028338912,-0.40864275240730974,1.8965256546285412,-0.2928567414897434,1.4934611174640546,-0.1491450730226293,1.4872316074166365,-6.224201477853688,106.84189971949665,33.71641890465111,122.71629714380413,94.8416467245375,80.9618753090473
A005,2025-05-11 12:15:20.167747,2025-05-11 12:15:20.667747,5,landing,0.6,130.6,31.35346870762468,-0.9829446920134284,1.1952619132464344,0.20683696416672967,1.3066278626820538,0.7880356542356195,0.9046106147717405,-2.5393095410673707,62.38845055273792,-3.5749624079942977,112.18453149979025,-27.93855904671359,102.56362034156858
A005,2025-05-11 12:15:20.417747,2025-05-11 12:15:20.917747,5,accel,0.6,115.4,24.187600128991715,-0.8232807882938709,1.1198547489730228,0.5255791163325414,1.643284237575055,1.0676601550735856,1.181559027091868,-12.228195905615024,68.87581211543484,35.35410625331559,92.8567146156444,-56.26506703314233,69.13279148676169
A005,2025-05-11 12:15:21.167747,2025-05-11 12:15:21.667747,5,jump_takeoff,0.6,111.4,17.35050431543706,-1.1182417994113227,1.0370737314387173,0.25818060076333016,1.1112115336733224,0.21638064822096909,1.590374361903157,90.83872850265149,93.902629684943,23.585172805514343,89.8123773827385,62.494246650445334,72.27396051036995
A005,2025-05-11 12:15:21.417747,2025-05-11 12:15:21.917747,5,stop,0.6,113.8,15.548633380461448,-0.39108569296086115,1.715237689434002,0.19761495078677543,1.2695364394509132,1.0266390678172397,1.6040046367208665,83.26293875501717,70.4202369498708,-9.829952798033574,121.53888967174233,19.8598722659624,88.80477458186898
A005,2025-05-11 12:15:21.667747,2025-05-11 12:15:22.167747,5,stop,0.6,125.0,23.323807579381203,0.9539831283218255,1.5301251133289795,0.5123356326099471,0.7259234372336123,-0.3992349133328096,1.6269808922244116,-16.56385889365784,107.41077219600133,-23.46478767827824,120.15654867598768,-3.097001347312829,95.88086487312266
A005,2025-05-11 12:15:22.167747,2025-05-11 12:15:22.667747,5,jump_takeoff,0.6,137.0,31.89357302028106,-0.019087351442746446,1.7839702487143114,-0.5610826875651395,2.0267296379932396,-0.7543534157233177,1.850599098154053,-30.14673129730513,39.95143027984651,-6.462835429071646,130.66667431756082,-12.077434007252311,112.1210016334195
A005,2025-05-11 12:15:22.667747,2025-05-11 12:15:23.167747,5,accel,0.8,133.4,28.29558269412383,0.7785053674578284,1.6030883501461677,-0.9930800904861414,1.704037966282456,0.5282960076243327,1.3376339251246514,-11.490969789984671,80.51168431172704,22.35561141186578,83.88496498892886,35.939977795247515,72.50462567876312
