Acc_Mag_std,Heart_Rate_mean,Heart_Rate_rms,Gyro_X_spec_entropy,Gyro_YZ_corr,Gyro_Y_mean,Gyro_Y_rms,Acc_YZ_corr,Acc_XZ_corr,Gyro_Z_spec_energy,Acc_Mag_spec_entropy,Acc_Mag_spec_energy,Gyro_XY_corr,Acc_X_mean,Acc_Y_std,Event_Label
0.6276773571337133,127.4,130.8258384265127,0.7793662470973981,-0.6388643998489265,78.4359104855528,110.73488846640393,0.27239409735695996,0.2785692921691904,92352.13228200123,0.8212641966184462,2.0786660841764313,0.5898235727010448,-0.4859423374526785,1.6098638746147131,Sprint_Mid
0.7490692344201334,131.5,136.458418575037,0.6562884119487586,0.16268291298113113,71.70700076692704,119.05063891576421,0.26223665942061264,0.2511659201998706,75161.34984377932,0.6844559379042656,3.169172214649671,-0.18611104420231134,-0.19691973633695453,1.6899317890027452,Landing
0.8393528225913856,143.0,145.95067660000757,0.6297279020697237,-0.043209000910176903,16.034023920221017,119.55353708848538,-0.0924698431113748,-0.17481528351689032,66963.77652850587,0.6326689364134719,3.6695088840287235,-0.03177019873479383,0.8511833263728803,1.5119214261024552,Accel
0.7894611615476734,132.4,134.96592162468272,0.8294306347816258,-0.002142151535952706,-9.440912571013836,133.17125112887607,-0.07770361153424406,-0.2412093003539693,37877.18844313921,0.7384172803166333,3.2377370852692273,-0.2945224144403792,1.44906021468555,1.6134801445423943,Accel
0.8020553640025547,132.8,136.9335605321062,0.8200690875136587,0.46915794283329704,55.253329103755775,141.62300612638327,-0.1960022645722844,-0.39943078269142507,43265.33473302016,0.44073380174009136,3.2983076293190465,0.1156237356773284,0.943595188931169,1.6053348637506064,Start_Run
1.0017466856929351,125.5,130.00115384103327,0.7399133141653224,-0.31422794447434543,81.49871350844627,112.8875939321551,-0.3589652470504283,-0.8751111001287606,38557.60073568788,0.6408223715896815,5.033454038054755,0.2404624427958654,0.09621242615798478,1.622887501182376,Stop
0.8356729570000736,118.3,119.68667427913601,0.6619326270070574,-0.47594679888169983,-15.327175138853454,105.68527737563684,-0.06880732365710221,-0.6072652528028134,37452.14237874795,0.8060325391382599,3.653690044953823,-0.651672726863542,0.04526509601605681,1.7084616958763001,Stop
0.49693928770175033,123.1,125.29924181733902,0.886769441204989,-0.36236471178681495,13.316895570289713,116.04828897972696,-0.25294940724463655,0.3819018210328489,43881.40308381735,0.7194732619073957,1.2367467798295793,-0.430733987124137,0.4165022563264147,1.6267764002406662,Landing
0.4091238189710589,133.4,136.41260938784217,0.724452472256223,-0.24284955010816286,53.021208090548626,84.53132515099863,-0.22668581857840456,0.39113573982390165,64565.23843787638,0.789856148798603,0.8495226653076726,-0.5428543970377048,0.5530633582776866,1.6551220846614243,Stop
0.39971719501419706,139.2,142.20056258679148,0.5147857824697306,0.14171452586730884,45.28681930489433,94.32305023365855,0.1786480322901169,-0.26613212242497797,61306.93589979954,0.7111606591534604,0.9374873095787628,-0.5711463422289631,0.04534920207403419,2.056095266081913,Stop
0.5277080149125631,130.5,134.47118650476764,0.7349543666686749,0.29861900173717215,18.346839700234927,105.39453486531207,0.1395489822957113,-0.46104822590578826,50925.7544452479,0.666289751699857,1.401109777733705,-0.405430149911565,0.404444604527278,1.89762867369948,Start_Run
0.8511185506573091,128.0,131.1777420144134,0.7191695866118859,0.29572567962615803,-10.923763808887408,77.89445115941729,0.17302832461258444,-0.22353060730305618,54868.591190574145,0.6909788868483745,3.684676961491941,-0.003720999707931073,0.7855569354224375,1.4492881739603993,Jump_Takeoff
0.8242178274888359,127.0,131.00381673829202,0.41120784461607923,0.008964534826103786,27.728839271277206,83.20756286452453,0.15328782485697168,-0.12908293895474238,44274.54437173806,0.8275460828435462,3.7702596966366344,-0.35916467955976417,0.04285346310047968,1.3635851208248486,Sprint_Mid
0.5501466514629102,123.7,128.1721498610365,0.6870564926211956,0.671960856472562,3.9197141578742687,108.53338013500682,-0.19524544166429272,0.005633740532137172,50783.997311413004,0.7212157811254357,1.522756063484907,-0.44125615429873183,-0.26949094574013954,0.9809782427651925,Sprint_Mid
0.8475086200425359,117.6,120.09912572537736,0.5977744734804227,0.6223108604773205,-40.053902155122174,100.0630728370658,-0.23802347432516915,-0.4635684893618272,64749.11160985456,0.7182510994705036,4.2480094678015785,0.25882698993647496,-0.1222647784024807,1.3757459050827956,Sprint_Mid
1.023437538018872,122.5,125.72867612442279,0.6913395470981595,-0.06996248860751501,-45.48873510823956,81.57612840528047,-0.19814155658606475,-0.7981429204262366,52936.89650919469,0.8076828525764727,5.6677050582167965,-0.4415638002880929,0.7373330645967973,1.5047727450104365,Sprint_Mid
0.784239642475712,130.7,133.35703955922236,0.7769127034545245,-0.1755436000197527,-32.522493670081545,93.48843853901961,-0.011697981037423163,0.2309610721779365,28730.874652259186,0.6061382950527288,3.081721965961333,-0.3072621038086086,0.4325163229375656,1.2537629234934353,Sprint_Mid
0.7002869965405075,131.4,134.024624603093,0.8087326370073564,0.04082776208956854,-21.882303434900013,115.60625598530444,-0.34956336697980755,0.507770015591983,35246.654946455776,0.6622286724093388,3.369155669676547,-0.5199391912009912,-1.0332375896630652,1.1368892364373693,Sprint_Mid
0.7899313970499743,135.6,139.46397384270963,0.3928371603407571,-0.018703536145981196,-23.22229327563312,136.84239194437856,0.08338134777654915,0.26624266991572876,61080.06822322287,0.7499902211961875,3.7366937137100655,0.19733358758099998,-0.429202835690606,1.5159714705257947,Jump_Takeoff
0.9033824849460425,128.3,130.94082633006408,0.6764917138887387,-0.10538462063204845,-34.826549681188055,125.85091283666912,0.1430171903257514,0.5281276670986892,41950.72430301184,0.5281257779566441,4.0831607850099,0.5424121863880669,0.7967223868185613,2.0111862203602975,Start_Run
1.0192537583821961,114.0,115.47640451624738,0.733433365477183,-0.512814448512363,-48.29673676016026,112.80767424861799,0.34636566438954547,-0.07790340757868759,53129.79892359192,0.7101852712492605,5.2647363469795145,0.05685370629413761,0.10102738288400173,1.7677819904649288,Start_Run
0.9524304033853878,124.9,128.49708167892373,0.5057386877697321,-0.6272107784177453,-29.68658927161053,112.0581786894071,0.2903221553469867,-0.4464544133451654,75825.51187001698,0.7036268091288251,4.5981899495310525,0.4090106473334155,0.14846741041885206,1.5199948814063533,Stop
0.6930563731344289,136.4,140.1748907615055,0.6732355999756511,-0.23718946171228045,32.20323355280293,97.83078791098811,-0.25272905469246715,0.1817354101012191,52424.01751855076,0.6254368130751328,2.45237701299047,0.14367930922539712,0.9367930997636401,1.5153270722712082,Stop
0.6599814805388172,128.5,132.0602135391277,0.8009068272444552,-0.08151542520376558,34.51358743801003,99.41633496778663,-0.12540336139221606,0.27580432315767056,45339.585846541784,0.7661185942280672,2.405024515973956,0.3904946837430808,0.03380109246378771,1.7246941102870739,Stop
0.8472828841026022,129.6,132.70342874244056,0.7365560694788043,0.1586355004741021,17.689120614131177,104.79842856261683,0.04300265727704935,0.17631904000839468,32139.187259544928,0.7928148939202956,3.6446659559933643,0.14132314410286928,-0.21596621226960738,1.5468217006893294,Landing
0.7201858868975987,139.8,142.75643593197472,0.759933407604385,0.04275331009087447,5.20028574143974,110.14642789443086,0.38001030512918194,0.08516861598114317,26086.53458476223,0.6829821220867662,2.6284670484665655,-0.06045548664514825,0.19045952298226412,1.4582410445181249,Accel
0.7573875581995114,136.5,139.85885742419035,0.8308034051279679,-0.15646324416732815,10.97734283971321,107.90445975928118,0.05442883897098221,-0.2283866758249361,56349.689218194675,0.7509027692917123,3.0217282469198166,-0.1357563260970058,-0.7942721494874693,1.5118683560798654,Landing
0.5804840892669347,133.3,135.89812360735522,0.635529553390278,-0.3200446969207922,65.46086605879391,118.47908320029983,0.048843639261318024,-0.04134092440518655,40641.98310951663,0.6718699540907164,1.684810400969727,0.12555134958972788,-1.3686993803386116,1.4522432105624075,Landing
0.7164888225084323,124.0,127.2037735289327,0.7877988751839943,-0.9119230010678671,66.33307118415614,117.52442945122273,0.014512308230991533,-0.2200829618076277,49662.96179703648,0.6651032918924057,2.5695709764960837,0.2810592968749339,-0.9570446533223439,1.0499677461034636,Jump_Takeoff
0.8130560951266491,123.0,125.37304335462228,0.699044504200692,-0.7239046237518696,33.57670539930545,96.74792154897507,-0.15507557996330357,-0.137170495821606,49897.0916769548,0.833197089527111,3.7265131294922624,-0.0923174190630529,-0.7487562267751904,1.0964353361415278,Jump_Takeoff
0.6710748770477215,131.6,134.10369122436563,0.7365807143346056,-0.13148008584306525,-17.301622916856463,84.38652464871853,-0.2352675632295467,-0.19228035143577693,29630.072280958906,0.8808959152278683,2.4230268919223765,0.3548193093164463,-0.45981710092183337,1.854763953583119,Jump_Takeoff
0.601700720022293,123.4,127.81314486389888,0.6569248641012965,0.33130659524103384,-26.125357354639835,84.01876734408926,0.20271732567121228,-0.631369403774713,30197.428152934153,0.6889086653117195,1.95688009549791,0.395007968406444,-0.1453066202547399,1.670549660897759,Accel
0.7389631903084692,122.5,125.25533920755633,0.8437422825065178,0.13844507602114597,-46.54277513340329,102.71527670329756,0.4917149476338707,-0.37833072600769113,23055.197361764735,0.7159645338238669,2.982150560864091,-0.15294915909523565,-0.24859853153175715,1.3503375341337265,Accel
0.6795584773849005,137.5,139.91676096879888,0.5914323700339688,0.17684954620182944,-13.590360429930191,116.60178333750359,0.21549862258681213,-0.12040622418522119,50548.28867193613,0.6513868997634163,2.313375315282895,0.028502611501008846,-0.07492639332897029,1.949896794775629,Jump_Takeoff
0.9387928463678833,131.8,134.45073447177595,0.499667882247477,0.2288040650495458,16.210635843066868,100.08539949243783,0.08242862390939742,-0.0002747360208634625,57875.12278989122,0.5524801897941588,4.556309806530886,0.14449738061948814,-0.4779338719241991,1.8898137914190118,Jump_Takeoff
0.7173191783298447,120.3,122.04958008940466,0.6855438601813071,0.23503322549001773,-45.75044354632197,109.29347404159269,-0.026030040946895792,0.475404609643135,39032.233398085475,0.587270223089149,2.588910045706557,0.3474086613152619,-0.701045438634626,1.4490892520430105,Landing
0.654515226641842,130.9,134.10033557004994,0.8015576725912663,0.39153888280740307,-7.002706732587312,118.3787195642371,0.1248942258698992,-0.21981128163030048,41612.701900741515,0.667099812287707,2.149993809534899,0.06186072814519952,0.3633338413941416,1.4096767799983776,Stop
0.9337354844007331,134.4,136.8363986664367,0.6996508048933795,0.20439073367296534,25.634059038687866,96.91213641447192,0.5041491145030002,-0.3320418317695205,35954.736203518296,0.7605424940617802,4.710267487677715,-0.08290232199645382,0.48853007032462104,1.3407326025283222,Stop
1.126950060433535,139.5,140.98262304269983,0.6006539735162807,-0.2674813039624596,55.598991490989874,107.48240590560572,0.08388835820048252,0.018989834979384865,37345.63753861863,0.7151177856601926,6.687805924242413,0.24569340791588165,-0.35834615671479,1.7715416037165048,Stop
1.0426288806580224,126.5,130.33917292970673,0.620305653322686,-0.236580063483835,61.06364550325087,109.21023543766663,-0.5438575030058709,-0.4817746007761218,41125.78549641528,0.7411571358430628,5.532258364295683,0.1974667886366275,-0.152928638716093,2.0066071028875196,Stop
0.7425801264742017,122.3,126.63372378635954,0.5975516735780433,-0.17390939231228436,18.743554674217187,111.35506429648723,0.2528734642533096,-0.4898917895931418,48663.75206641725,0.6159845381282476,2.7580285203607597,0.3646026120375907,-0.09685169623465309,2.030323530312984,Stop
0.35426267120471755,126.7,130.3959355194785,0.2735225891415024,0.02405826684656549,-0.11786564898501979,127.69506440912018,0.08008802506703848,0.171720225812766,35741.67347252415,0.6638715452654678,0.6530466947154202,0.49873190216344376,-0.4601669661295168,1.9710566234828975,Start_Run
0.7543150865958353,124.0,127.10074744076056,0.777275688161208,0.24521222312967675,50.467629550676826,133.30465897806448,-0.31352812178308864,0.5745569457490739,26196.52077890322,0.6157828951812171,2.866654340227698,0.18664599875914623,0.4786647389408342,1.588252170064625,Landing
0.9303165840712045,142.1,144.69174129852746,0.795123379332184,-0.30760505327522664,93.46015888886423,127.44701881466507,0.023496873062445016,0.0014015131282502083,58553.851708863964,0.7210405323715339,4.367899064126666,-0.13955465130719036,0.4900241204110657,1.4818508927828196,Landing
0.7178380804863994,137.7,142.71895459258383,0.6894794672293137,-0.4898876266120877,42.90506952771363,119.42572660688599,-0.11633293633091438,-0.08701766443226955,100533.21472036958,0.7007720001980624,2.6734336576828017,0.3837017508196417,-0.25023588742268366,1.7285987537521998,Landing
0.6448979140326023,133.7,138.73608038286218,0.6468459764133188,-0.005134054892002852,15.34794577218305,104.09968598699217,-0.13984792252721134,0.06416946671899634,78123.2636995833,0.7084939247592392,2.3073963559139,0.06919017971740657,-0.20857369448482163,1.5768216610629806,Accel
0.87997294275408,128.7,132.21459828627096,0.7401273002307218,0.07537053860443792,12.071270046176004,102.55916795904726,-0.2637105518723153,0.27052407070080936,54719.18424314672,0.7299624724934428,4.599284606855289,-0.048086689878829046,-0.4610909751493314,1.6446873235258708,Jump_Takeoff
0.795543876870119,124.2,125.91743326481843,0.6949567313457045,0.09127595021209348,39.27574692201421,99.59730971960818,0.36560659643868765,-0.6541152381798502,42027.573957853005,0.7365925587606028,4.230673853281054,0.09658120478091227,-0.19227176130391915,1.8085188998034065,Jump_Takeoff
0.6706012675509521,134.9,136.42177245586572,0.5430580058004026,-0.08203619740024404,39.292698810158484,89.79331040292011,0.042816207757099684,-0.44672522355745126,57725.79532689118,0.8181016217263971,2.3011450101448565,0.22328954324526257,-0.19285985237597542,1.8618945335389872,Start_Run
0.6496282903035572,126.2,128.6421392856944,0.5992336827021499,0.06538174601134003,23.29922312872485,74.78116362654372,0.07818591512048967,-0.03928952261017161,30576.192788770295,0.5986700028164363,2.1374378501617235,0.22596374776583877,-0.7134522433455516,1.83727282932748,Sprint_Mid
0.6693973979706405,120.0,122.50387748965336,0.6832526923968522,0.2505007790087546,33.87245361207103,74.29435671958495,0.10454025578712385,0.3695497723185356,50118.69704422911,0.6806920941508281,2.312625391982567,-0.22222828417008328,-0.46016450281315463,1.525021147908855,Sprint_Mid
0.8240640774174617,127.9,132.02386147965828,0.48207128307194735,0.41305988399426175,23.81144035406528,115.20077001787179,0.2413540652217261,0.46213874850626324,56853.94401409066,0.7499261047433345,3.5174818146261417,0.3411790261060729,-0.3580513929256849,1.724186513095644,Jump_Takeoff
0.7525646859624355,128.0,132.6152329108538,0.7761846115976974,0.6335275422948276,35.911332402585415,118.5256898496947,-0.2831671240687239,-0.004503482743546693,22054.739616858453,0.5652860068378212,2.8386375389894285,0.7152805894546388,0.336442057359613,2.1826092945744953,Sprint_Mid
0.37151759155157565,140.5,144.46902782257519,0.48147586307409007,0.4905256044069598,11.817374538282202,100.36469371680293,-0.2577132044791196,-0.02889725555517462,25671.540435632127,0.7388196798844309,0.7867401641314655,0.2491298574204702,0.5430778973662713,1.8570717394686844,Jump_Takeoff
0.4793044627889659,130.5,135.84218785046124,0.36719659012481193,0.16534410455885246,-16.283572726181223,96.44426570521495,0.38262249426111494,0.0936674287612601,46677.52209976596,0.7576507915155437,1.4222849603412222,0.04802365142238458,0.018443073801804388,1.1559452617394939,Jump_Takeoff
0.6202955713929804,102.3,105.19363098591093,0.8515166069845012,0.0972684545868362,0.5687887805952954,95.78748052408473,-0.18478698101227278,-0.030189594824817065,39430.4476785686,0.7886088575127842,2.2046112650088423,-0.23893288140662688,0.665547155981115,1.475161766214424,Accel
1.028846257992658,112.9,116.15980371884244,0.7026811412380974,0.2775027343311942,-17.430838383318836,111.42898327272418,-0.2572329611012539,-0.21817384390235717,38121.417374391705,0.5796803323450458,5.3348703908097095,-0.5365683117181378,0.18750474993077254,1.4974906583707792,Start_Run
1.113904100020778,124.7,128.06834113081968,0.4795959915015194,0.25172849870318587,-37.06825855839185,96.0755429501086,0.3324313944704291,0.16288313490905867,27121.11902631145,0.5730416812046694,6.212577779474343,-0.5858511062077336,-1.082042061051633,1.4975805911726543,Start_Run
0.9361232142595087,132.1,132.71586190052793,0.7308388051699167,-0.2414281655651555,64.46499330573104,124.75434215956615,0.41881884754779286,0.5290086405556429,80325.2536038779,0.6802336445843328,4.387622102473219,0.5293392710918087,-0.6001924136581236,1.5205857610945015,Jump_Takeoff
0.9333205520285436,136.9,138.59328988085966,0.6126569202589794,-0.12276738571905878,3.560806293242524,127.85439393662463,0.26882872362465465,0.30388814996819097,43726.06380068087,0.7406558025428014,4.66398618403897,0.15590421147902644,-0.03405614210253578,1.0700079803874494,Landing
0.8067421101491614,129.2,132.40015105731564,0.7531242691781709,-0.22422749838741363,-35.57372773521409,110.68598927378518,-0.06397250789934367,-0.43722484543637685,27607.664843365947,0.27059277157249784,3.2629757724424806,0.2958117051060369,-0.09377643275202414,1.311870052226651,Sprint_Mid
0.8361524707929257,131.2,135.19837277127266,0.6131881691108727,-0.09761660340322063,-11.573999331646439,88.3363700136037,-0.14036169077269192,-0.5290282620575304,29793.63634377093,0.6684100997466808,3.52076015412337,-0.004265170730766934,0.3922269899862513,1.7029333168141512,Jump_Takeoff
0.5311870583164805,141.5,144.9161826712255,0.5505758018595384,-0.5473915820187801,9.708965669035624,67.34306779961835,-0.08104742306394636,-0.24442044182878186,31542.458296770597,0.7034623668042372,1.4107985201979907,-0.4476394615681908,0.4352807054268938,2.1108106803159354,Stop
0.5662047451260032,136.2,139.5464080512286,0.5341603851421278,-0.2651642770774964,-20.712398181069357,96.8253109161439,-0.29044127861498503,-0.2205379712513947,45205.702182643785,0.8257990100907254,1.921694395508221,0.21947842113994281,-0.2849384384077652,2.409198392240937,Stop
0.894301505684258,134.7,137.31168923292728,0.7570403715797163,0.21664536125896022,-11.17928852194727,115.5532773677499,0.3096447655129429,-0.22323493390887922,65102.23204490347,0.6501846145157028,4.103432633774809,0.21988846824548766,-0.36620526315099056,2.1485246017018746,Jump_Takeoff
0.9724149772127407,128.7,131.09195246085855,0.6979610817764547,0.4401762591613711,-4.836793675017117,116.36576780573314,0.34553023212208267,-0.4175010884279807,70943.74009404029,0.884757229905964,5.184970501354151,0.025336279663586567,-0.3162634791822591,1.6748680005086014,Jump_Takeoff
1.0313344667255526,123.6,125.50458158967743,0.8133102925301905,0.132474447900114,0.873026862094109,106.80816923867867,-0.13531625999768732,-0.5091954360944269,47461.57875905755,0.764653259512484,6.627187513086602,-0.2010939382229809,0.06878053640025639,1.3512863492799736,Accel
0.7939458723819866,122.7,124.08908090561393,0.6863579856021198,-0.7175876527465224,28.32710231719228,113.26946578878447,0.3471054103418637,-0.06167237586303561,54824.59688124616,0.6716929324731613,3.15626706824394,-0.05534101071210195,0.7058852528078942,1.6010842245054377,Stop
0.3035069925569146,119.8,122.14663319142284,0.7112966257370299,-0.41320956951405563,18.67936101822558,121.5605465554198,0.824310317035422,0.16053937209671312,75987.43082949698,0.6090745562466106,0.6684202575776477,0.21203832190006702,-0.05788923469455063,1.5024641939110255,Sprint_Mid
0.9226979943702321,121.5,125.09956035094608,0.8696530719547679,-0.16861509806892958,72.92491490602163,122.45099007332341,-0.28759592007207524,-0.5729763413742927,44961.70174981193,0.6456229048578079,4.286682006238737,0.1427332579384647,-0.36379855208472345,1.584652392081403,Sprint_Mid
1.1593838266041347,126.5,131.09729211543615,0.6702298921066459,-0.06455105522798299,50.20186047345883,125.11335213122891,-0.41859659807007527,-0.37863798595855697,51461.14684718811,0.5142043254630765,6.722654381245545,0.3907128909378388,0.21719917712951844,1.5003117130962598,Sprint_Mid
1.0332540423276382,128.5,132.67215231539737,0.728097224050135,0.2918260953765144,-21.182192824344575,105.39955247565359,-0.4030273092501964,-0.1947307858018459,59329.60388311208,0.7179042615952385,5.401257310558812,0.15492410003093454,0.2843236655514014,1.365365155672121,Sprint_Mid
0.8592197066546281,121.2,125.29086159812294,0.7838707206407397,0.18360974227663315,-24.29818273912214,93.53565392185969,-0.45452762293303756,-0.29760125428759576,93122.21055496144,0.8300205858375427,4.588560008288459,-0.211463231928603,-0.25895130830990054,1.8578954718800804,Start_Run
0.5933916150648375,120.4,124.25699175499139,0.7117872905780315,0.3248583662680797,-32.70756907798463,92.14014215203458,-0.4536277762527057,0.014507435453790343,95529.20605414914,0.6395011333556124,2.2099279872356163,-0.11334382534479151,-1.223508249038391,1.8086710235029266,Start_Run
0.4825799397659595,128.0,131.63814036972718,0.6314145499998334,0.07729576737015546,-14.922711342527766,78.18482241902468,0.1451551497666757,-0.4195927371853457,54228.8526383523,0.874924177517736,1.320971800598953,0.2211450521289961,-0.21001278746995009,1.5864612389839934,Sprint_Mid
0.8291783882248732,126.3,130.9072190522738,0.7593019748475673,0.3758006918686304,13.65518162685703,78.85235070385049,0.4204625031605347,-0.2640715194168726,63060.92916373546,0.8322468445794988,3.6391648699984005,0.07501896609963349,1.0929166045617824,1.5117133968502796,Sprint_Mid
0.6469938951854013,122.0,126.31310304160847,0.8057465790853974,0.19485568973225703,-6.181873755884223,110.77365098468304,0.19417319497123284,0.09378056377644278,31724.77483919684,0.8095976969256136,2.1198211327248155,0.24761264513492662,0.05156267800019978,1.3803294831798603,Accel
0.6663673302068974,127.8,131.06944724076624,0.8545206777668174,-0.4240305203443134,-0.5667159242672198,110.77558994303318,0.5975505836200871,0.011014761813638255,30394.210000265855,0.5804038977992783,2.2304510023972943,0.48376519892537473,-0.7301830549210966,1.502105056145755,Accel
0.737497093070286,127.5,129.87801969540496,0.7233125647798789,0.054811079849761635,-32.12350066870633,117.68655718974304,0.6612861245502647,-0.3426133950471395,51610.28785997419,0.6146710463954007,3.2527306724712077,0.40914016526339037,0.16834064590509437,1.576881601417234,Stop
0.5987185544587528,132.4,133.92759237737383,0.24226459348924573,0.1954365045785365,-60.83628954864024,122.79952954723474,-0.2574170562899175,0.0761099324241551,54010.79326437823,0.41566731378695,2.915364628178398,0.4611747841727043,0.29931295641127403,1.697113481511732,Accel
0.6009662303304594,139.2,140.99148910483922,0.7889216160462758,-0.28637873238671047,-3.009319219697261,103.23253755303053,-0.023445488195783546,-0.3946214501113542,51622.46631012375,0.6596865762064321,2.016060239977759,0.8011264557472707,-0.058562506647791945,1.6412035132824871,Accel
0.39742161337303966,135.4,138.54024685989268,0.4958444369182099,-0.3093997933714045,-1.597386806269671,108.26103990652727,0.17126217043229824,-0.5983113801921722,74839.15649621616,0.7264294033370761,0.9130832608597004,0.5502901711808614,0.5682358139319688,1.6921201268126596,Start_Run
0.49546241109706596,133.6,136.460250622663,0.6733089700814996,-0.23175758441823632,36.211935023396514,110.23861373509855,0.17038730739504718,-0.5105818856701185,67508.33271447485,0.8766622004289466,1.3261126187346814,0.5078455693114656,0.3283002124429922,1.693687782696385,Start_Run
0.545721532846268,142.9,145.57300573938838,0.46872609629323203,-0.633625121951964,39.113282045881775,95.58268802423015,0.38269033034311123,-0.3471337571091378,72874.75359843756,0.6199170004375986,1.489068811682919,0.4863390397293526,-0.3401632112570414,1.4023742785859803,Stop
0.8647672704688363,135.4,138.89708420265706,0.6380930377142066,-0.38027285088517715,7.775247834067807,77.05867021328251,0.5353419938501249,0.4180674400234205,52040.11474609717,0.6465124256212814,3.7391533797738434,-0.09046149942288367,-0.49727607792460216,1.5879170761218346,Stop
0.967847391051259,121.7,126.0400729926796,0.800148899937337,-0.012964265599243992,37.91182405770347,96.12609983151856,0.00410732553159437,-0.12215167145341789,65788.81768263908,0.7503546224444967,4.71298774183302,-0.5480891537482461,-0.39176491424780135,1.5824972114690825,Stop
0.7921475368873303,125.0,129.6649528592827,0.7890714872623482,0.07393402588167414,-8.016881129272553,114.28529464059352,-0.08619789825061741,-0.6711495129222319,48848.27530206896,0.6604895338982121,3.6651178736809427,-0.5476634141160889,-0.22404308599352935,1.8366521460124017,Stop
0.7476863402713898,140.6,142.86147136299556,0.7568189030826031,0.07380722560671013,-55.35455377796436,117.87717105368911,0.13752578851382863,-0.6030548777902579,60069.396813129424,0.7241778211980946,2.9982820646254296,-0.3708430681097173,-0.003489670814946755,1.5826517928701211,Stop
0.4499337166402477,138.2,141.08366312227648,0.5362511520196181,-0.3763153738178786,-11.19820219750898,107.62633648464742,0.21158641714244206,-0.5297786132202196,65298.31803701616,0.5453148000958232,1.0122442941380925,-0.19054737874965497,-0.24625451485242772,1.674872603226006,Stop
0.5181724439522455,114.6,117.4572262570507,0.550743376917454,-0.2739965934323838,-5.263232235082643,91.18115112154051,0.09104320687243025,0.2769769260486616,52148.697022134606,0.5877757075206306,1.342654949366503,-0.2429409382073673,-0.6097261785114653,1.9120963832532862,Stop
0.540852031132079,118.2,121.8835509820747,0.4560551750813951,0.3336785880482241,6.422580326187297,94.35860504831466,-0.4942823236309534,0.2764119531837039,62247.25683036577,0.5437248852320862,1.5072987895799577,-0.4404480393755835,-0.45364426970149996,1.5512816898872919,Stop
0.4981975159080237,131.0,135.00074073870854,0.811151649236653,-0.06565719589735476,54.809299309476465,108.46380983803733,-0.024715090912564925,-0.00039928053348794144,57092.18656937293,0.7188281199970641,1.2798860515099226,-0.34973731520915174,-0.14164479734706417,1.6928996486101215,Landing
0.774094684485737,133.4,136.89996347698562,0.4240721897064754,-0.07449864583772256,17.346232940160082,98.48576541972125,0.5103799293195566,0.13719452534400708,24254.98211923887,0.781588230710365,3.1337525224780345,-0.5015007906805199,-0.21596524905450454,1.4552238151172068,Landing
0.9441364903140311,134.3,137.26070085789306,0.5224830856921107,-0.3632577257313314,-11.973780560618888,93.35030757586932,0.04568239608772771,0.3111874650631137,75777.44888274485,0.47690001316804415,4.557415623495197,0.10548060597060668,-1.0483991575506368,1.6387977399753475,Start_Run
0.6652675643043331,134.3,135.84734079105118,0.4637380590333624,-0.17313771942530776,-12.924406323188396,126.0328222678504,-0.21453228749893924,0.04728336912080286,71589.67284303145,0.6578457814053922,2.2146924915441284,0.721965158372994,-0.6031630995459331,1.6887492964500972,Jump_Takeoff
0.6706990653981246,133.8,135.61858279749129,0.7389138872892744,0.3038578465601659,-20.758976762940666,126.62312714953067,-0.3703781665151931,-0.13901846818662378,38545.00072705709,0.573698872156859,2.272248471304119,0.22534225578235667,0.6617414519014732,1.7252875272938273,Sprint_Mid
0.5666409936292908,135.5,137.98586884170422,0.7328647812937631,0.35450263382330666,-54.34225761531887,107.43541181548791,-0.07647125175829832,0.41771056933138045,38220.32593385068,0.742787650369246,1.8187624049976794,-0.43688511204767244,0.25972993144582873,1.0688653546278475,Stop
0.7022727624797458,133.8,135.39350058256122,0.547907115419237,0.5074949361784303,-34.189739823942304,81.48209823746075,-0.3678641077399459,0.09634163013108642,15912.410780556656,0.7283698161288985,3.002216220193424,-0.1306784508790771,0.6484792050195691,1.2769551567892405,Accel
0.9564496697124616,132.3,134.30003723007675,0.8383915689621931,0.5975085327287571,-11.913824296868677,96.92704806219459,-0.7138665648894721,-0.5225167245793336,66543.84108294535,0.5618054612434698,4.5787576567657435,0.3836591640488558,0.3944732509376811,1.8281261959342958,Sprint_Mid
0.8795569420784746,120.5,124.00524182469061,0.6810901004337672,0.0828028259338404,-18.444287305916497,116.41773437009884,0.07293520802880564,-0.11879447162307763,58753.005010162655,0.4668293280339923,3.939759499577228,0.25028433196950867,-0.2854827480895204,1.6270768646944955,Start_Run
0.7852117535040941,120.1,122.45611458804333,0.730339118149305,-0.21344387559855524,-11.482173979916585,99.90830717227438,0.38427760732538413,-0.04957407991651447,58025.06918396791,0.8192920775432693,3.376643450572017,-0.24576277930377266,0.050692933164607656,1.4269696972162638,Start_Run
0.7746360934121401,130.0,132.7742444904131,0.6720727260244732,0.0034261728285008663,-4.517745624330419,92.87014987344517,-0.12804517796001705,0.2616885787868757,29890.32425833828,0.5513069862479686,4.187935290916981,-0.35839426430930577,-0.6404002985103308,1.5369706896938915,Accel
0.8203493591657394,128.6,131.78846687020834,0.3867539051271428,0.12126606126412566,34.43033278345903,103.13960272781469,-0.41096757110420923,0.16577751689406628,29963.21426145875,0.775220990279644,3.5445001726376306,-0.06884488424761667,-1.0036465888122723,1.5126696560735682,Jump_Takeoff
0.7782941829421387,133.0,135.84329206847133,0.6615266233453445,0.29486183105488073,1.192282878448316,103.74578603240334,0.05643929029903131,0.21107874800385443,40077.28680756813,0.7543115251272459,3.068076141811512,0.398928538529435,-0.5087746057642341,1.8142279713799208,Start_Run
0.6711517184001747,132.5,135.8635344748546,0.6517263110307182,-0.19253757165894045,-70.43126162616772,130.50138655534118,0.04441577420957797,0.21574092065612333,65537.24800999556,0.2989998509047835,2.2636785933715298,0.17641481092268732,0.27788226385552495,1.7037044530395065,Start_Run
0.6359201228865989,131.1,134.3268402070115,0.6085351031967768,-0.29900544154394704,-65.76892557737953,135.99437201477406,0.5851367661283723,-0.4352173505379859,77359.99623530619,0.8340277586546844,2.2312017341579136,0.016700037076388854,-0.49833609300868265,1.8815287209565006,Landing
0.8346310870489061,143.8,145.73880746047018,0.7089141155739722,-0.0648539452440106,-2.7847108281919972,105.18715284850013,0.716233630298192,-0.3242919863472786,46236.694589167906,0.8214470738740264,3.8930413868156544,-0.2776434615257657,-0.07691278663521142,1.544947335722325,Sprint_Mid
0.9607341648120296,145.1,146.29046448760766,0.6428873943973659,-0.1934654823356496,31.653663256629272,104.83569698650608,0.5472865477741238,-0.03232031617134433,56400.09896048263,0.7428943444900773,5.011533744243904,-0.0713614879221268,0.5033800320837787,1.5265347231021982,Accel
1.0408859030291848,121.0,123.48765120448279,0.7516298012499778,-0.2745067395969871,29.270821592055903,86.32408866609342,0.5051953318275829,0.25408918658570856,46882.28748931317,0.5846816988084279,5.425238971114346,0.05315982819964769,0.2808346939726126,1.8309636009892682,Start_Run
0.867939021103294,114.2,116.10598606445751,0.7089978012060465,-0.23880777237999046,7.048783057486072,78.54188935862011,0.04190027848253462,0.024330827435775606,55596.97176658312,0.8133533166488234,4.437055393818408,-0.34642572117988446,0.7611277085703289,1.7559792439267363,Start_Run
0.5296681802359513,120.8,122.79413666783931,0.7041773948855122,-0.2671611362325363,-26.08598076447287,103.5467260877376,0.32600371751574747,-0.644288017586017,94785.7416137826,0.8109494005586971,1.4727937205734132,-0.1567794889424897,0.1399810997523225,1.0921731313071728,Stop
0.5902258818227036,120.5,123.2724624561382,0.7454854596165186,-0.5973771900305563,-61.798181960549165,114.77657187831156,0.5342216000016323,-0.37549617764867543,111236.98962006171,0.70572328308174,1.9634583816677456,-0.57082563717607,0.30888770278144395,1.7194507001022834,Sprint_Mid
0.9360886566474377,126.2,130.12686117785213,0.31586058430395797,-0.6051752420018305,14.57860970640265,124.72838672394097,0.45642294082395285,-0.22227923971934974,62012.69571767016,0.7715095109224478,4.408437015111076,-0.2990764196280774,0.4584633137463087,2.16579126095041,Jump_Takeoff
1.099231419929867,129.4,133.02631318652712,0.6977956489831879,-0.21911252759023708,48.07006481794538,105.91813885322954,0.004751530120859118,-0.6364730360396833,56147.03957599106,0.6923179428515995,6.316780868137352,0.26415698027157786,-0.9279807833589615,2.0397481309589462,Jump_Takeoff
0.9269561992837244,122.4,125.9857134757747,0.7039486719016728,0.1981073202930008,-35.38154427752384,95.8661399650092,0.07595869216734796,-0.6830407694962315,55583.822106395164,0.15742147132550757,4.318041456989121,0.14718972389223559,-1.0285648196715684,1.9235642208197685,Stop
0.8872119740858495,121.7,125.049990003998,0.6168147712526924,0.12411935882427726,-40.92600145074785,102.87851804541708,0.13509016366380353,-0.036315490046222094,57675.25313747041,0.7108737277493926,5.014940779484394,-0.15176349775457276,-0.30158861649098134,1.7794297883848826,Stop
0.7608422920156646,133.4,135.52416758644932,0.8250595094032162,-0.12429752057773512,-20.986757431103356,99.08679274835842,-0.27751494223443585,0.15110973347406562,39403.06073682797,0.5207653883445623,4.359122547976552,-0.01581581276694089,-0.1537878342293711,1.8379153763855074,Accel
0.6891276372978641,135.7,138.49223804964666,0.7343003107375758,0.26825420194351784,-5.104859155089619,101.00529277614056,0.06909733752777718,0.03742255172768245,59795.60086004158,0.38997680448073435,2.4067987087337883,0.2997173726845681,0.24915417909700616,1.1983843112992694,Start_Run
0.5740419821614583,120.4,124.7373240052872,0.5097424383498983,0.4746150878717858,-0.6505298458504626,124.36833465306992,0.013366242436166537,-0.2666209454793476,55462.379042971064,0.744954433450935,2.1004873145883867,0.06336867978159745,0.6550776141105434,1.639019768949421,Stop
0.45921259245373636,121.5,124.6166120547337,0.7941152283983174,0.16881533235988624,-26.480798458648128,114.23531754572147,0.3115055811602908,-0.1931782318563376,37560.07882015284,0.7770519158734281,1.1244312870895299,-0.39028335945049497,0.23887660473761613,1.7598819599985869,Stop
0.34233341120816946,129.1,132.3083519661552,0.7564038117968472,-0.32226123095307024,-25.274846448825542,67.59819654583191,0.5509402338733554,0.04863815520817347,47213.590256032934,0.7967128084406538,0.6566541218869435,-0.06678768506715287,-0.11959567219783174,1.3495758208616004,Accel
0.44380437480600543,116.0,120.38521503905702,0.7395902434736293,0.19619164535189118,-33.8648254321764,71.3738297586874,0.11352933929929845,0.3806519319199901,59744.07701878995,0.7663174248498615,1.1695659042823707,0.5260753414375589,0.7756220573622888,1.5044910447817081,Accel
0.7852988028737462,131.2,134.419492634067,0.6641984295239435,0.5909410410543263,-25.151675898917105,105.69560156576645,0.09593520388344902,-0.28374310835786326,59872.641866227204,0.7083284397399855,3.1114558442932982,0.39660219235773286,0.15268723683516594,1.490964709518675,Start_Run
0.8161585237286428,135.2,136.87074194290028,0.7093266784274822,0.6175719887097266,9.990075750923753,92.27412183128025,0.458493351076915,-0.4306163117333848,62283.53604413788,0.6464496188548239,3.3341693993179815,0.1081633629425811,-0.49989631717142213,1.4266743723954978,Landing
0.7716669676983381,132.2,134.54441645791178,0.7714242678627781,0.3088767916970813,23.104834406727676,62.64478503152232,0.3625798775631318,0.21114792544474623,47034.831661070704,0.743868879006097,3.960730304560954,0.4605125738263468,-0.25610857763002504,1.7188636560059734,Start_Run
0.9702929813302904,131.7,133.93244565824966,0.4830318624689411,-0.3519875171250644,17.608115763544966,78.68774834221344,-0.08046824575715315,0.496949524863174,47200.35784082439,0.8110632505185167,4.7720805034108675,0.5190925613740027,0.10096495877320058,1.892052400204451,Start_Run
0.8104834409147913,123.8,125.28766898621747,0.7460936333668047,-0.44198741795915775,0.847423681339194,81.47774367937787,-0.12549573773098824,0.393399673078997,51516.464102747406,0.6373635413985393,3.284459137684665,-0.3118689605060358,0.18071616585193437,1.7432497626428358,Sprint_Mid
0.6214591911866111,118.1,121.33383699529163,0.5930239300589553,-0.20472725440883308,19.047927839430223,99.66530423736094,0.3230481994447076,0.12405049579689734,40593.37589914855,0.7301195534046411,1.9329843846620451,-0.22438122633373814,0.2524261143656334,1.7042683109321437,Stop
0.5548731456402776,128.2,133.28915934913837,0.6780708690106102,-0.12223079386821045,-27.918741690096944,122.12938811339605,0.3804732350087001,0.006770765453679463,56530.08794351566,0.731964331315744,2.085862049550243,0.4844873583166347,0.3126002891715479,1.8524874346367073,Stop
0.5538418185181826,133.1,136.63125557499646,0.776101475838386,0.11901700230926834,-41.6789687098574,112.99875532476264,-0.32760255593866217,0.3804607230097895,59902.02924808976,0.6421420613542687,1.6105444235080966,0.4686892849030135,-0.8653324110136396,2.0252544847511587,Start_Run
0.60516686221672,119.4,121.50637843339747,0.8045774146093947,-0.08080730842426072,-23.66344837882605,108.01191509712625,-0.28366974150290564,0.3680526275597083,56089.69946387304,0.6598692144671168,1.831161105895493,0.038550550035530574,-0.345259396739512,1.9241884288814461,Sprint_Mid
0.6972739100124867,127.4,130.417023428692,0.5614434677760103,-0.29530343561751443,-14.950126632188406,115.29784244082143,0.40060078697054025,0.10604106429821378,53844.01970844865,0.8886867818201112,2.8030552586386888,0.0042987637204292585,0.63133848596413,1.6432628403241225,Sprint_Mid
0.8716906648862914,137.7,140.63321087140122,0.8420445640674917,0.11813257497601959,19.49808965786918,126.05171163732889,0.2939775192737229,0.18856892385452975,46732.65975194379,0.8731333101724141,4.032964682521849,-0.07929943290491322,0.38917618644602153,1.6782599675619057,Stop
0.757416825757776,133.3,135.30816678973963,0.5310481256582235,0.45548062600477435,56.01657621251476,121.76314407360199,-0.5281911423408795,-0.12453251948986682,60519.3837477487,0.5606233127664345,2.8773607465540927,-0.22945608643322785,0.8881448861863147,1.756237850673007,Landing
0.4040342670117558,118.0,119.8415620725965,0.6875638046522478,0.3164399621002785,94.39246307854646,109.3661573511626,-0.24909586143048798,-0.46113634803683823,57409.473251594674,0.7300391610376505,0.9001128408631669,-0.2833065270292809,0.66511971070011,1.9431201061958814,Start_Run
0.5972920165769456,122.1,125.2800862068669,0.6634719749190318,0.3913695964017487,94.37663293697054,108.18630552905962,0.5734029995248852,-0.27083060610229676,61228.93210037999,0.7708957549223773,1.8197208939521432,-0.09167182945611702,1.062278193729704,2.102327132399925,Start_Run
0.6413512561787957,140.6,143.83949388120078,0.8114900997934638,0.43279067846726316,75.98856922538491,105.45055055108416,0.3775778202135122,-0.5530844862749882,49587.9370475235,0.6682145220155981,2.056776160776648,0.08856051770410191,1.01625001515155,2.0348324185882602,Start_Run
0.7677213222670786,124.6,128.63125592172378,0.6732831965348942,-0.0644586810569786,-3.9084005782913325,112.50690597463895,0.09651216850496988,-0.041550287448333584,25980.1707064349,0.6891503681654683,3.9764727485647327,0.42735282169124955,-0.2591452340655448,1.6550236031960135,Sprint_Mid
0.9651491821720902,108.3,110.01954371837759,0.5147265749495791,0.056126692915882875,-53.58763818979865,101.84433614039607,-0.24307826104070646,0.6111978533941097,37585.32960480017,0.8208551461836471,4.853541515347116,0.210788106690321,-0.20064283119910858,1.395013104444655,Jump_Takeoff
0.8673484464635012,134.8,137.57761445816683,0.7304993719564595,0.09652390174015953,-24.610367365294742,68.65605035507234,-0.03331275830828904,-0.11930818333269605,50075.976212340334,0.6642310229298576,3.763250470189329,0.30306467670665405,-0.07252360069647175,1.3944341215456402,Jump_Takeoff
0.732905290982746,148.9,149.93231806385174,0.7556051277611232,0.48271062395934994,2.5797078720842195,82.37953305660632,0.27943178814409825,-0.5055098437706926,54287.724043894676,0.6322447600306778,2.7622140482052564,-0.19062486044220878,0.3865317499541251,1.4813189452396336,Landing
0.9138161798978229,138.7,140.77535295640357,0.6810031094118257,0.7120685159541595,-3.2303181611933325,99.56763066025357,-0.005627356735981489,-0.6837554373436715,43320.288114307245,0.6413549818201214,5.853455611308253,-0.021504138402111826,0.25674168239734185,1.1669361761205044,Accel
0.9670126841671391,117.9,121.86180697823252,0.6202793127330388,0.21369511437422245,-26.906440981196237,110.89056173249784,0.16671906660275349,-0.816205735196722,33436.72596298448,0.8373021352078511,5.027131928656509,-0.36477107019633476,-0.7210959466586657,1.4262718460032837,Start_Run
0.7467065437890572,123.7,126.98070719601462,0.5942671553480026,-0.3441607772214543,-8.432214810646958,117.36183338896699,0.015677957401749418,-0.5909689126929264,42649.907110375214,0.6639683526670812,2.844609481620423,-0.572101955548834,-0.5407693322661828,1.6962771377614765,Start_Run
0.6664676751160917,133.4,136.2299526535923,0.7770610374686084,0.05420241120732095,9.887337108126577,120.58092452787176,-0.102381481793074,-0.22659372256731966,34761.370174528514,0.7442869745127884,2.2425246343121192,-0.3456517021157962,-0.41150277080992465,1.1949147287945336,Stop
0.9226746857819454,117.2,121.33012816279393,0.8294150785173473,0.5962863952417233,12.00715775203459,113.36189257137897,0.27852312465689855,0.4962275641102647,37242.55289240736,0.6374115239337049,4.2991493456520065,-0.5129031392397013,-0.35350680056094663,1.6312821890508027,Sprint_Mid
0.8949089098140832,128.1,131.41879622032764,0.7796152305791585,0.2825861951666824,23.571302239405377,94.57875927721398,0.6524217040377889,0.447707324742308,38965.78321870594,0.7048912692239959,4.048987811228945,-0.14823005984305915,-0.13709942794906477,1.8590618387420488,Accel
0.6281218898914985,132.9,135.33477010731573,0.6762562148480122,0.1907789868907343,30.7208954125724,104.0625125965827,0.450648158569851,0.08753411613139607,76557.4726941827,0.8648491743010401,2.183202579758445,-0.10615928402859848,0.6500356068552737,1.9379046489815845,Accel
0.649807953127854,117.1,120.09371340748856,0.34774373818107024,0.21386334777681934,42.2447094907443,91.5793913831775,0.016312731687875448,0.16109429529094538,85612.44916856378,0.7059855930619299,2.463325737030528,-0.11654007121940102,1.02977541581032,1.7761056400317488,Stop
0.7509380392363201,129.0,132.3956192628744,0.7810478697589441,-0.24232110566630188,27.68568668895899,70.26809171936503,-0.01538801034392844,0.40214499371949486,56437.24621030368,0.8563685877779106,3.302074250556224,-0.005762347886247146,0.5704524241828561,1.2988695703000697,Stop
0.7245245068807119,140.5,143.92810705348694,0.5565460531719562,-0.27607700799997276,-9.037672481559088,86.14863196035175,0.019811575760478307,0.3242733618737431,40536.76962159697,0.7877043524334387,2.870707157066441,0.4305207172988261,0.14136896562057436,1.2127018736551713,Stop
0.7282967451840453,136.7,140.0224981922548,0.8190932297761462,-0.2469690886022233,-14.343230257398847,105.90844717102816,0.37925346955590905,0.265672262559405,71090.1212352812,0.6886991206436922,3.1982898853057464,0.6019303550764283,0.11857701398189609,1.8248273099672159,Start_Run
0.750899624341695,137.1,140.21233897200347,0.5095954333552289,0.22540571585674132,16.767634151224694,117.42562163453127,0.593229695546045,0.37531427160304376,63504.142028011345,0.6600757666689906,3.4442575688397925,0.42958214927659694,-0.00035085487843824483,1.350207943338029,Start_Run
0.6128614395221098,124.3,127.18215283600132,0.6722431586964511,0.5738606688777852,22.10863333286966,126.81587206642024,0.1093554046024251,0.152935989730137,46237.84307220087,0.8607941794665555,2.023649641058687,0.06325973919988767,-0.23264261556401494,1.6960211434018757,Start_Run
0.9273015010001525,133.1,135.53707979737501,0.8809500334974175,0.20529030670095333,-3.1266208075003163,117.33375026187036,-0.057094012594554655,0.03609076704269276,50601.385259252274,0.6743764917712084,4.712647391002297,0.1028246606720779,-0.44720262485519646,1.8286232223691126,Sprint_Mid
1.060913150576254,146.6,149.39344028437125,0.7224665483412555,0.008468555802837324,-6.021003179852637,107.90330217855846,0.12122989861028328,0.15403867999114954,56014.75962481949,0.5769676337691406,5.6448336523024425,-0.06431081202938277,-0.6929697831682212,1.5092659250874734,Landing
0.8193696012434304,143.1,145.7055249467226,0.7217079215275621,0.11510101581171261,2.679287963648062,98.05784968833947,0.21055383127937685,0.44062227573199203,53230.88547657551,0.885149436158654,3.6106238521571568,-0.6585647041346091,-0.5680415749100375,1.6378033693235698,Jump_Takeoff
0.5904365445500434,140.3,143.44023145547416,0.46210524239082035,0.20155327779923177,18.897293312737766,80.85353358394086,0.016513011365771133,0.2262241613063511,69445.45330773774,0.7467546432144676,1.789899073959613,0.041752624291636835,-0.7176688391226589,1.847040195440717,Start_Run
0.7603165418131955,124.4,128.89608217475038,0.6293376373606016,0.305879646281572,-16.286218020680348,106.1187564490436,-0.2038276510542697,0.01159363812099127,97866.07746330097,0.7822563017614249,3.058794505327712,0.3702786107173332,-0.6933157934718945,1.8426228361577457,Jump_Takeoff
0.7742836608943715,117.8,121.08591990813795,0.8637408179101815,0.37003620587431924,-44.79771370613953,123.41583076127748,0.16227270649086561,0.0052292669866660976,74207.4134084354,0.7322587128438062,3.1466648685682737,-0.041617048128753796,-0.08497227068771562,1.5161210534422822,Start_Run
0.6100867294784739,132.3,134.66514025537566,0.546661095466078,0.8830909353237026,-14.776086026575147,112.34287443946118,0.5827076172758829,0.13520845157883377,56075.34627585822,0.7389452834758736,2.1415885144795617,-0.2507411349464128,0.0006892756977890269,1.6380312919876197,Start_Run
0.33105199796899204,149.0,150.5828675513918,0.7761251732854281,0.28512407078397306,-37.95561214598085,99.06049325018114,0.2683529155940483,0.37878939426400027,72947.89095986755,0.7327951606886202,0.5486512809784436,0.21100639117015002,-0.2897042856092477,1.5636163234285279,Jump_Takeoff
0.7713691992129996,138.0,141.09712966605665,0.7544943877938036,-0.5826909986024192,-31.687157244318836,97.46762423396774,-0.25990064434780746,0.2362138280539858,83383.76344297119,0.7706014559562838,2.9867794158400556,0.46333477523053407,0.4901507820842384,1.5499784470703464,Stop
0.797820219147212,122.4,125.08077390230683,0.7890827243492754,-0.6811841680785563,-1.6119342076710752,107.36179463206388,0.607678485007654,-0.10787962680798514,38131.73634261598,0.636727208648332,3.2233854037476206,-0.29521696544165205,0.1323390192929585,1.1624732912284395,Accel
0.7260470224968676,125.9,128.70392379410973,0.5831947411283078,0.2121421736844474,-1.3721465809197155,117.08627671034027,0.7080511375118038,0.1006395888941628,20724.038743766327,0.5104189724946879,2.893875892457692,-0.13520925341529982,-0.27647159968584106,1.6651858517658142,Accel
1.0304012610396118,122.6,124.90076060617085,0.7057300685235129,0.29906546724410116,3.0613625894228678,97.22759125195576,0.19660429704111618,-0.10309082346502543,46115.78373711925,0.7943640602168202,5.902080205651498,0.02523385836367345,-0.34756512871632605,1.6818853297290155,Jump_Takeoff
1.0495298123301395,125.1,127.69064178709417,0.6946683618964631,-0.23195953258635119,-36.13952144800013,82.5040256071533,-0.486740305804158,-0.2414507014719048,52212.26203660397,0.45110062289568537,5.951090427411955,-0.3832842746573257,-0.7975316277478142,1.368186726019956,Stop
1.0096910268635508,137.7,140.44465101953867,0.7979643556067162,-0.4488430881912823,22.748721514092164,107.2079219946053,0.3234085871891309,-0.08501131689142973,51585.88660088206,0.5978577169162701,5.365249298527376,0.1272918087054377,0.06162608387932176,1.4534071381786657,Accel
0.8754490482487762,138.1,140.73698874141084,0.6825087517209397,-0.055197120163042644,65.11823240273279,122.50359948797599,0.22984815329748368,0.03983805586562616,59898.941560302614,0.4710720452011676,5.9262768907050045,-0.06414475408167784,0.3667165523505804,1.4679271086394041,Landing
0.6164292140649037,138.3,141.35381140952657,0.5150416670310015,0.27617752556386566,9.722411038007195,102.17227383968346,0.3289382821795934,0.12480806807050947,38535.188498374344,0.799936386904638,2.3420746716159457,-0.06424861422745189,-0.19112531044265477,1.3796965120382059,Stop
0.6947780909780998,142.9,145.74875642694178,0.7225813653533277,0.06926399770546388,15.873816489843566,69.16705868040988,-0.01644992212942112,0.6981610760435226,18777.1902252213,0.4315888985039119,2.417906042001431,0.3091586549580605,0.11019647445260175,1.654260649128135,Accel
0.7423877021153364,129.5,132.85142076771328,0.5742422514577005,-0.35389137112357827,-6.628999097496985,84.74117522384611,-0.6973274340069988,0.5759963541580133,31923.496595385288,0.7185909647539014,2.9823414212170887,-0.04963388939761942,0.190104494042409,1.687819762989938,Jump_Takeoff
0.534550045019191,123.4,125.94443219134381,0.7133069144997768,-0.37907007866025527,-12.066301204585011,93.61091785685937,-0.3465216802552338,-0.003857193701689946,51386.72259927717,0.8249012992100401,1.5436651123406648,-0.1765569473193797,-0.2628737034975853,1.7011176158233103,Start_Run
0.7535126853811861,141.3,143.6178958208203,0.7202444874284387,-0.3451192194403982,25.279870675124176,102.85662781360512,-0.4005166844043914,-0.37686646393548323,36093.49414174063,0.8386594625590608,3.003954636247532,-0.0791560664450761,-0.018018973545010565,1.5302363401872356,Accel
0.31027364826543297,138.2,141.80267980542538,0.5841016748119483,-0.43824495787787116,-43.86586766356887,77.1022276475886,-0.029093711090145465,0.041833554025761104,56897.78488778316,0.7727651377924616,0.4849462353662413,0.18340380491701233,0.5840261921562615,1.5045722066351053,Stop
0.39502066125296303,133.3,136.44229549520193,0.6874811284572245,-0.32686396080685376,-28.89249025084111,107.27397261151052,-0.011249769354544385,-0.03227960838353809,49524.00999250505,0.4494550321969492,0.7896204180091518,-0.1280715307160999,-0.5070844437646658,1.6322613212927088,Stop
0.6285916611896807,115.8,118.73078791956196,0.7080783021109862,-0.2617247822514355,-15.900174335972485,121.45990652758148,0.07494742767486605,-0.39001125334953546,51749.97370517254,0.5501434163446604,2.2340208465137366,-0.1238299252892065,-0.8717911443999548,1.7763146242891161,Start_Run
0.7426445355913553,105.0,106.3080429694762,0.7421775064476385,0.12732675461982093,-4.4686942736124085,101.58979954581727,-0.17390162040155527,-0.08662484623219732,27084.61243327065,0.7363467449843549,2.951542855112936,-0.09738795202570114,-0.29672515986679393,1.8303030893062444,Start_Run
0.7876580631919428,118.6,119.88077410494145,0.7127471173455586,0.43534622403229634,13.63550902123985,115.36699388861138,-0.5411284462500141,-0.3254333709523145,70125.36428112997,0.5081915227751191,3.110204872688131,0.2962179707847798,0.7876299525602658,1.7908701476468345,Stop
0.8564445491364643,115.9,117.39889266939446,0.6785985334519965,0.2256024033593882,-17.914046677754165,117.0395065782101,-0.4154006379351441,-0.24121604907111596,71616.43244608204,0.7421605586981068,3.7051016500294596,0.2535720485294175,0.654603063944424,1.813787883090339,Sprint_Mid
0.940683245407126,120.6,123.92174950346691,0.8659156816916644,-0.14577916656217535,5.521327892040517,106.75656696393149,-0.5400068134755157,0.15216935410980167,52912.46700923566,0.5660910117247244,4.467886487177824,-0.150407864984816,0.24105386879693863,1.6647296629899573,Accel
0.6996780742394751,123.1,127.15305737574697,0.757324435931389,-0.05255255018517804,34.32457193844859,93.50100283128425,0.0018890612127839485,-0.24323177260652398,62304.57489309237,0.5117650526916232,2.7152610495128897,-0.6235982133520784,-0.35375795072811683,1.7065051207772728,Accel
0.5286877549999789,105.0,107.48581301734663,0.436951685126674,-0.332900827461612,63.90389499355346,99.72241001909336,0.2957151309252096,-0.05350975203887431,53362.92848730213,0.5254419133858959,1.6115431166496195,-0.35167778512302345,-0.0786966773133135,1.8945532134566898,Stop
0.5290319418676392,104.2,105.72322356038903,0.33767712636047637,-0.3085104865899459,93.66665922611664,111.24118367211294,0.044666528929948886,0.16302343286006188,54732.89959076792,0.7743025627599794,1.5282822308475084,0.33495478533317913,0.40624763346122206,1.5257995413099872,Stop
0.9392101826306491,127.5,130.1971581871125,0.7504932092641008,-0.05826808913084441,15.443621897307235,101.78024638875802,0.05121881220444885,-0.2268738651499676,79247.74316786643,0.5735601310872722,6.535804435195365,0.1930231933743379,0.03163078219453008,1.7329802992378611,Jump_Takeoff
0.9299571962273637,134.9,138.1459373271614,0.499731044247139,-0.031960653212174235,32.202849398902515,116.76679149094547,-0.1288375686023064,-0.42192433575624366,61068.86352198695,0.6096245112044202,6.294471884479017,0.22332798236248386,-0.31167191021396007,1.8886923811261083,Landing
0.6035204484577128,117.4,120.7037696180198,0.6114547363569081,-0.3410955030657254,28.353639053603594,111.5960378773004,0.05141673969490619,0.042377527313683536,51371.00282483957,0.6365316231503504,1.869961599462847,0.0008400998938900803,0.26200658812123323,1.4109083109013456,Stop
0.8988098137306689,110.6,112.10084745442383,0.6861147313391698,-0.3565779749733643,-21.72096823831624,105.58008664232061,0.45079699487997293,0.2113993132123914,38875.42746003154,0.7999841839211828,4.226817471629988,-0.7023029099604738,0.5732493898377721,1.5724140247619238,Stop
0.8181552846685245,120.6,123.28179103176592,0.8326878058111783,-0.5538566536925024,3.844535915960306,113.90716968441095,-0.027514192595278243,0.044203394935573175,44689.23413753741,0.7272208643605849,4.583326403461632,-0.6551317896792817,0.15901670108595337,2.057863949288883,Stop
0.37756428673479553,143.2,145.74292435655323,0.7207002163216661,-0.44714576638856796,11.305579841705187,113.6862808668135,0.0016360978541746659,-0.10853645599639755,31009.569538053416,0.8156493100940284,0.8630851255129806,0.360455161508891,-0.09235242151560756,2.3282600752851907,Accel
0.590164534807505,153.5,155.23047381232848,0.838569668012706,-0.4054938164711563,10.686100036729918,124.33664178803421,0.1894955109377963,-0.1604683800606983,16888.77491518636,0.680138218900341,1.7417477310403844,0.09772359224207915,0.8791482810300935,1.8219616159374603,Sprint_Mid
0.46509056720579817,140.6,142.57910085282484,0.6010677178475451,-0.2827823995481305,9.404002798697714,111.34796856991727,0.07218332864299772,-0.17814320286356625,43287.8040887893,0.5910500080120724,1.0818521505099974,0.06274916322698662,0.9641473194100602,1.3409270431951192,Accel
0.4539304715863369,122.5,124.95159062613008,0.7738026258598666,0.0033634965137089787,33.00044480388319,113.105802603626,-0.11825003979016768,-0.5647253311629546,47520.651188884294,0.8622104609913656,1.1014282054718314,-0.06577767249427999,-0.47698249782143687,1.4599857206854474,Accel
0.804726948324455,124.3,128.0183580585222,0.7303028616884417,-0.21340779912357624,8.078790493972111,116.90838893632274,-0.33687285947416895,0.16791597237256248,50580.96870758447,0.7175855124020265,4.239220138211758,-0.21557444825654473,0.41457030061937655,1.6791586450377405,Stop
0.830737653271668,123.5,127.23403632676282,0.6925524599277798,-0.40563884424552804,-49.257653378525575,104.56685219827654,-0.21644040162620362,-0.01800024396749473,74038.33838318367,0.8182477253292137,4.144136583014037,-0.22170157374603397,0.5375192639252186,1.7628342587590762,Start_Run
0.6790499858360883,125.2,130.31577034265655,0.6945194802667948,0.29953976454702375,-31.953551421569944,109.51297661734061,-0.07590034131140257,-0.2323319365589739,33683.6830437192,0.6930322112571703,2.319154696851979,-0.5343334480079869,-0.4687762754927151,1.5975607079900973,Start_Run
0.9067625154962735,126.3,129.99730766442818,0.3935997124883557,0.4348401318379536,-16.887800688857435,95.800877104829,-0.09934833196110253,-0.36579177889913306,29930.36951490408,0.7230642356141844,4.761683605673437,-0.3339156935030673,-0.18057068728344777,1.5752697660399013,Start_Run
0.9695412956737754,115.0,117.55339212460012,0.6978141257565854,-0.33705297380770965,-78.52359208751288,103.68033299724885,0.0974009077198719,-0.5033108244494909,49769.00134945909,0.6704689836887459,6.380004108369039,-0.6498468432215828,-0.34494249521118797,1.6886306940950693,Accel
0.9944582607366538,126.9,129.4445827371698,0.6831850008480337,-0.37882970459052756,-46.91142195080014,111.94265397064517,-0.15716565612213385,-0.6911378834678478,31589.494802803518,0.7390574926477218,5.075854056483319,0.07207683054860477,-0.25729435313665094,2.0187253006736556,Accel
0.9097247909901535,126.1,127.76814939569252,0.555140409424057,-0.5587768104791457,12.44167174483957,91.66183304897977,-0.381288257356615,-0.8787884154204666,64315.440520226475,0.8499553556846104,4.443126850736226,0.24169634803974913,-0.2657202391058627,2.248388313279581,Jump_Takeoff
0.9935611515406364,127.6,130.18602075491825,0.6401746161690927,-0.5783063962986994,8.123436325231536,83.09698916444525,0.11159358496108027,-0.6978317427138443,62039.811292527695,0.7741797546913916,6.314925074653832,0.25365447272175,-0.28522271631450097,2.0880467335099056,Jump_Takeoff
1.0906235686269778,125.3,127.74231875146153,0.7049696031884154,-0.4307471765910154,-32.03501559719537,107.62858540698919,-0.27420754712937667,0.0815334579771295,93919.99701320856,0.6487681980223331,5.959878962880564,0.6104363971004799,0.3524160888113451,1.8888767194762242,Stop
0.6498332886535594,128.1,131.58077367153606,0.8243557498847216,0.18175106175018824,-94.76669345824237,134.63556953849687,-0.4373177018639308,0.1910542091663044,50367.61415756969,0.8148523106812617,2.1381024307094796,0.5749026130299346,0.31353981227744765,1.9313879790800041,Sprint_Mid
0.8121734669006939,132.7,137.4121537565,0.48071594857093863,0.0797561955234141,-43.897398402206036,113.18551947447209,-0.31206417790383617,-0.18600220577459706,44961.8172494386,0.7179365388745834,3.745348624137178,0.059062916531095536,0.24197506453976167,1.6546157738374159,Sprint_Mid
1.0224133812301328,120.1,123.93990479260503,0.7260175898541286,-0.6812590916805729,24.013277482072542,72.72071615246621,0.3197444479874338,0.1258739845640964,74880.40846031708,0.43873302197719954,5.233781643544328,-0.4871574825072128,0.0029229063151169797,1.3674341535281567,Jump_Takeoff
0.7731191541516046,125.1,127.9253688679458,0.7375765154065074,-0.370392054975888,-11.099211853278366,74.98872159701209,0.3391417328217521,0.457045419914876,73080.02589905451,0.7886942795224815,3.3598999419582514,-0.2815739808877426,-0.3909298490757391,1.5182814749636522,Jump_Takeoff
0.7271970049377485,128.0,131.42222034344115,0.8013331887854475,0.2920909746080146,-50.350275440991865,97.42060122958914,-0.039947879403629954,0.3200256989395429,35522.93951681796,0.5551515809476104,4.0938548524516385,-0.015440947855944008,-0.07445683362407567,1.6815012903992501,Start_Run
0.9828155413777541,132.4,137.30549879738976,0.5460670285719489,0.35446402490968454,-21.70040830012926,103.58488493541742,0.15375075009005226,0.16101836014354468,32573.337298416718,0.5146721487105167,7.5252894708531475,0.1933676402325664,0.3780712956959983,1.7272818384118982,Start_Run
0.9721743588043742,125.7,130.240930586356,0.579060767246805,0.51407673448773,-15.10754962684739,88.25172866691247,0.6285509741057433,0.2536612163718996,67631.16572493242,0.8051728539482886,5.725258821247676,0.20418203410817998,0.5206553981376061,1.3119308593740875,Start_Run
1.1237149084543592,126.2,130.3986196245957,0.881554848640468,0.3721649799833573,-27.929065299302636,67.46742695464002,0.18396732194273802,0.7938395238338698,75814.81816346914,0.6249498189314397,7.113851713929334,-0.28889275575599765,0.5187105158504923,1.7377086367680317,Start_Run
1.083181846125714,130.3,134.88550700501517,0.586826277350631,-0.5376740821296184,2.286465408304534,95.74340235701233,-0.12575307590220378,0.47557176595824996,66904.49901808143,0.714478276117816,6.1756288929621,0.31251889225748825,-0.4951984668820767,1.667320637105098,Start_Run
0.5190904560589484,122.0,125.35868537919501,0.6394227692546196,-0.25301047119812964,22.24046616263283,109.4991196655383,0.26633453119732053,-0.14206558620092885,52667.027024142255,0.6372435154814032,1.3592698484804029,0.7432711022517556,-0.39976752893759915,1.7083672547950093,Jump_Takeoff
0.706023241749327,124.3,128.35147057981064,0.7880884720290658,0.2379218314372777,6.839731508212121,112.669201596707,0.267139904641874,0.09052899452077957,75672.66452224669,0.560114035944913,3.6282002041197985,0.5797502482679229,-0.1241983867702785,1.7255016872599926,Sprint_Mid
0.761418736838892,121.3,125.45955523594048,0.5370095100053696,0.2914097496628629,-21.02061071251269,128.1321478395732,0.28053783520048875,0.3106319606176766,92668.05727323519,0.6741168918503484,3.3326093466908184,0.6778581500298961,0.059763942259362504,1.352368815407114,Sprint_Mid
0.7998032203192869,118.0,120.74684260882353,0.3229690466335792,0.32185077938105117,-36.872970304471394,108.18704129180574,0.6967813086729867,0.10141763028594317,65586.4131145966,0.8214587884920894,3.54955429907863,0.6094808256395583,0.6490367377681899,1.5822155646564091,Start_Run
0.9598350782484295,116.6,119.51903614069182,0.760317051565227,0.10429361547614703,-20.292773798667376,84.8057451809289,0.019690332598822944,0.6935177264006318,64117.11715424959,0.5307842943581084,4.611105125561009,0.3990550229468286,0.10586001453204044,1.6261474151950859,Landing
0.9219393019901778,116.6,119.60434774706144,0.742092844352105,0.19373201395890938,-19.651761425325144,96.88130087677808,-0.1587710829358247,0.515807121861413,56120.87079037745,0.5575381618849373,4.350649918089179,0.5109142820504557,0.03798209060464062,1.720445120221268,Jump_Takeoff
0.7849908982406784,121.0,122.89914564389778,0.7460815694819116,0.28783669694843295,-19.106816111609515,108.60203791516325,0.1834204595058575,-0.04111402247592693,50033.65319891538,0.8682535864902442,3.5670882795834347,0.38904810594535577,-0.3897831171804295,1.3432589961697257,Start_Run
0.9440183935081771,128.6,130.43849125162404,0.6622322460837706,0.15025044059706186,19.698860163943554,99.68993406382067,-0.43931332745312135,0.19172480919048004,61407.628702720845,0.7867348232441939,4.581824190510341,0.016754214087701027,-0.30658546703919776,0.9564979778344423,Landing
0.7801269700860485,114.0,117.30899368761118,0.6734854233761693,-0.3261982972743165,56.419157733329676,95.44311693034966,-0.42490525331904366,0.11896445924300161,36915.53134601799,0.4947018751288308,3.0653769345607733,-0.15332315454790738,0.08514826674970384,1.7205248247803038,Landing
0.5455275260704447,117.2,120.75015527940326,0.7361535887407293,0.08688973292398272,46.48303352439553,106.45225362889884,0.09556113613445123,0.14925419368867995,91364.14262705014,0.5373036432089671,2.2084602013118957,-0.4983721645269301,-0.9202884609754005,1.7532336248988571,Start_Run
0.6631804853819029,135.0,136.87439497583176,0.7490229594172767,0.4199419403533852,21.461556395119395,102.55885843011085,0.4753530324599368,0.3207275538602114,67828.71652606365,0.8779618639103677,2.5420327949062047,0.11125961533871172,-1.5617477256195635,1.3933513561794915,Stop
0.7627476891089664,135.5,137.2985797450214,0.6164785288901983,-0.2485401474590171,37.77290086255443,88.83404505430111,0.6415270876932301,-0.29165716182988716,48151.65436703291,0.7553377880071519,3.0874372957203695,0.42405080766008146,-1.2433289317167946,1.3426234584014158,Stop
0.9106444970763335,146.2,147.7139126825906,0.8723693320915822,-0.4250028349631553,12.382200292392119,113.28150858566649,0.3775810656103553,0.46503265225681484,57212.4695021042,0.765449172900632,5.344175327391744,-0.1828650669294076,-0.5231079478492452,1.5131066365736248,Landing
0.7604752986571686,130.9,135.1299374676093,0.5453833266250456,-0.526528902539826,-56.53923238517435,120.86719868384675,-0.08902628276952591,0.3309903730941539,44709.30354807066,0.6747059576401121,2.955958037930211,5.043182288232198e-05,-0.1457093749552114,1.487333784055813,Sprint_Mid
0.4262757038526513,122.9,127.85264956190778,0.6648485267723633,0.06740403183463584,-34.15651877972694,118.36873123830867,0.12162184488847087,-0.16924525296953,41802.113616002614,0.6350716303544504,1.3411358042597974,-0.437267918179239,-0.27536077073371984,1.5342273817386243,Stop
0.7788616951957262,125.8,130.01384541655554,0.6724629072079656,-0.3669708985853564,21.16646853269728,120.56014811112696,0.4419672238733594,-0.47048687156270796,47310.54057399906,0.8270995426763584,3.237703282576555,-0.22602412151276824,-0.7046348514444287,1.5228142510141123,Stop
0.782374149085425,129.0,132.53980534164066,0.5673136511227722,-0.25030381821974057,2.1659529039121255,105.82882200472305,0.20111285405191692,-0.5986697540547564,43690.53354569986,0.5931397785781479,3.0645468416852935,0.5058486557838997,-1.13602935709141,1.7835725495543828,Accel
0.5207682565864392,132.5,134.85659049523682,0.7604187322029234,0.05254741189411772,-10.634115449550684,93.7908337050933,-0.2029693453566075,-0.2932182376876188,86578.09632259025,0.7298149895000985,1.5335922016849222,0.38747477991353196,-0.4109724568299685,1.6515290627425163,Sprint_Mid
0.7315710734729,130.9,131.9874994080879,0.7874787203674574,-0.2392167647421043,44.43004799733663,108.93322386644104,0.1253073567306263,-0.25316089266358116,56061.34290021565,0.8748802778248101,2.8455578179813847,0.10970089535751963,-0.19887806120804524,1.7013471456064015,Start_Run
0.6458120452591718,138.4,140.49412799117263,0.8262053696138577,0.16417176723857313,54.45670271950466,106.82319204827785,0.1447751690463289,0.026978460467010003,33632.15725584316,0.7496562575134594,2.2087458383848118,-0.12394978912431931,-1.232851992514202,1.9570175603945628,Accel
0.7439769916078902,123.7,127.33381326262086,0.5459405450288052,-0.25645790326047446,16.198136035990736,98.90428511213075,-0.10173965928370308,-0.4119081082390802,64411.042362784654,0.6373235632558482,3.0645356932695833,0.2539839666381656,-0.5756560202090231,1.6922193084832218,Accel
0.6887000766141044,121.5,123.91489014642268,0.8352568892539733,0.06444883587891675,9.47482299935919,129.9209317137301,-0.31395482603212493,-0.2669683715152179,56940.56052766958,0.6440207533632739,3.3777512298073233,-0.22116954492267588,-0.09342594447969563,2.0689925964230818,Sprint_Mid
0.9663532353904336,126.2,128.28328028235012,0.7240228943618382,0.03598584361703426,54.4128983092878,113.60699702529699,-0.46737735500085886,0.035291747922347634,50476.914672328174,0.5967071415549094,6.0431054479458,-0.07995894530651622,-0.5301932934526838,1.9799356076245693,Jump_Takeoff
1.0126284230436053,124.3,127.6154379375787,0.7880469394826201,0.6364936314445444,75.89296673630903,123.1494194373796,-0.5489464548960539,-0.15365099221411604,36719.86456036741,0.7103024200341985,6.9612096906902705,-0.052189650603367076,-0.5131992480280867,1.6724409834244245,Start_Run
0.9730295570402135,124.5,127.97929520043468,0.593537340715846,0.7048217232059845,95.86225203475159,139.60804796237747,-0.4388186012277965,-0.3833970120293788,56225.12570657709,0.7260303949704356,5.164966288317087,-0.19858643325659212,-0.054875224476421104,1.273181217383322,Start_Run
0.7541689018336464,126.4,129.80369794424195,0.8769448309546756,0.5683428962303729,80.34646268023428,119.29818251448306,0.10722884947474902,-0.13741753505138954,53525.76323007578,0.7320719884309782,2.844914779960095,0.5313482879886056,-0.6239701140557938,1.5387445325415383,Accel
0.7320522530389914,123.5,127.08933865592346,0.874397452850575,0.16934073886163922,61.504516431601886,117.57228098232656,-0.15739916230254886,0.3020884307340532,39614.48603203231,0.7062205221298832,2.7786739617301266,0.015733984690427454,-0.7425852805584638,1.8734546181850984,Landing
0.6341379044982791,137.3,140.58342718827137,0.7087645544680203,0.28188426184443305,22.54386516165015,121.32320650273017,0.45832032658450494,-0.05926486887921541,22344.59759914095,0.6946739533933646,2.0794240849630024,-0.48794557576030956,0.5358271454968616,1.9250062394654683,Landing
0.5488030587771033,141.7,143.70351422286095,0.8691073957222815,0.29973768345907514,27.968800902038566,111.60365991247868,0.5706185715732336,-0.019700314374770593,49118.198401362126,0.6597338446928368,1.5451184706706678,-0.508749540321943,0.4548731240649492,1.391308451724759,Accel
0.6035296189076942,136.1,138.07353113468199,0.8596682034545523,0.3345456599077823,32.15004273352735,97.53035103507499,0.7196123144580853,-0.1274162197891749,61656.82020284016,0.7177408640266658,2.3212377519054463,-0.21065715573088345,0.28129255470763165,1.4001279312434365,Sprint_Mid
0.50449876972176,128.1,132.32800157185176,0.6379712790427232,0.5005601056730505,-29.495068067660327,96.00576307977015,0.6371029369032662,0.15955566724805706,51223.1069967756,0.8197820813926203,1.352515328728558,0.03631389690750024,0.4856940412905769,1.5441469982091636,Sprint_Mid
0.8025440003004525,124.8,128.72761941401697,0.7206037537652235,0.34877549354523596,20.857108270869446,104.1332811994272,0.6502653780262231,0.7108990498812867,95339.99366378246,0.6080662166020903,4.734106493412449,0.2589718886554632,0.5249171608443123,1.8134915030934349,Accel
0.85362728561437,117.0,120.10745189204539,0.8565094686769041,0.2213652064375073,31.80093433680161,96.0713694270359,0.5304250123814761,-0.2539775679643927,68807.980880478,0.6330652934443597,4.010912891113788,0.18773294317540126,0.31260064027838536,1.5454436386753831,Accel
0.6546020816317094,118.7,121.7715073405926,0.8148459438891872,-0.010100179917724578,-45.33101843679391,103.34738100134258,0.43318494079805914,-0.21555404676558332,40385.7904801592,0.49078532027360555,3.332923712070374,-0.06485765304710926,0.32094691334345854,1.3634766568914576,Sprint_Mid
0.9062549060712428,137.6,140.30609395175964,0.5981753021942487,-0.184613938319247,7.876848100991049,125.11572565706346,0.3839458062907015,0.48676678572522325,58638.4684969536,0.8012882696562122,4.147037119056363,-0.17546651880370892,0.05567966314554109,1.2569544778111277,Start_Run
0.8226225381116625,135.6,138.32281084477717,0.7587711530091457,-0.24478793461897663,10.348598218739527,110.48160135396033,0.16704277775434137,0.20599526233029172,53823.76652869619,0.6695444285072522,3.4313630784789533,-0.40245717126318326,-0.9563206007046603,1.37384502071326,Landing
0.4874494930398103,141.5,143.80785792160316,0.8370219092273826,0.08472786779293599,-7.742840390202166,88.76416572722161,-0.10298821128791452,-0.09845897916677561,37432.185059219315,0.8150455353674627,1.2833524890717651,0.09529504881998363,-0.500494354557648,1.8028746696134883,Landing
0.5791783516917897,128.0,132.11737205984684,0.41903081195060465,-0.2257756080343925,26.098716782776656,104.7786789988895,-0.4335481173643998,0.10588496285622766,23419.952255212498,0.7180190228941007,1.9802684527232917,0.4100049144898801,0.10022537127297695,2.0811559678963127,Accel
0.5871446072809509,129.9,133.70452497952343,0.7544065283481822,-0.03804324817969376,-10.311292918985211,109.7725974978681,-0.09799220275709428,0.13902112308198764,56884.26379728094,0.6997793647297152,1.723718715577423,0.24270883733004328,-0.39599884804495006,1.7046656268410356,Sprint_Mid
0.6786599252249256,137.4,141.163734719651,0.5361859075485157,-0.3699220866098809,-12.998640253616822,109.42625989462722,0.08684436692150481,-0.1096876212902881,38109.95409991483,0.48071930332226825,2.3180098380966583,0.06457527429113064,-0.7278952758060525,1.547610935471637,Jump_Takeoff
0.899810847151572,133.8,137.2851048001931,0.8527098190402952,-0.09780968182792744,3.7086066714128094,116.99865149492601,-0.3148465079049663,-0.22970997236649487,60008.52031854504,0.6985146296115703,4.83649569460667,-0.452933866444029,-0.2963314322883038,1.7656895537706625,Jump_Takeoff
0.863663204756307,139.1,140.40548422337355,0.715003699740809,-0.054231607063486016,31.250021707105553,118.55264820493903,0.24344774839419217,-0.29382791131334796,70311.94518724903,0.8580615730769566,4.107056088355055,-0.4378449013549306,-0.8980719250006268,1.4965551495481029,Jump_Takeoff
0.7859338237897733,134.8,136.38548309845882,0.5456293849633804,0.10551077002999658,1.5571942902219653,117.72183164703067,0.6299603882647004,-0.09850024821555743,43995.76282082634,0.8473328246501584,3.729686478287109,-0.021667093713773407,-0.8141809951709643,1.7780466861664523,Jump_Takeoff
0.6723814162363275,142.9,144.6350579907928,0.8034764895741933,-0.09809947303516284,-22.242115564419247,122.70156146675524,0.6970499453753103,0.17961804500808223,81284.62729966073,0.3397990638071732,3.8404639952140522,0.19437693076826718,0.23650422864807336,1.5600911009490546,Start_Run
0.776156030537958,144.6,146.0992813124007,0.7533217661418995,-0.1738128735670674,-2.509740651603778,127.67080367276976,0.2641721170092399,0.13532412631141905,56238.171920247296,0.6700976710552203,3.0157763870952685,0.30373293938336826,0.23477432040162743,1.6953554433640237,Start_Run
0.932345970614116,125.8,129.74128101726143,0.6704507338190554,-0.16944366822602105,-12.362477242029325,137.29093466363778,0.0643957888927312,-0.2771202199894508,43647.133808065846,0.7279468934403035,5.720958951146647,-0.3113169258202984,-0.045982928950066615,1.9493482813273617,Sprint_Mid
0.7414414855875807,119.1,123.3235581711783,0.7256640104308282,-0.5974001177639221,-21.258776003040133,108.82547892781545,0.01435790567929978,-0.19435995960671523,54510.26786981158,0.4825962845923794,4.252269696241251,-0.30212813500987207,-0.9338549774105559,1.8102430778174798,Landing
0.606711227854352,137.1,141.07692936834144,0.6687517854626942,0.3294606058197519,-15.202280029622916,99.21113509070966,-0.5051929880278164,0.31971987946674946,66186.55677715002,0.49820704924384684,2.919491334432885,0.6903888618133172,-0.9252015114641836,1.440183986736888,Landing
0.7628952137168347,132.9,137.3641146733746,0.6787724814319627,0.04993727134230426,-0.7278793922734451,126.95160637006701,0.09580524675829899,-0.034011576585032205,79101.54472392618,0.6960124540042507,3.4647540960736856,0.2913688635165663,-0.05577783925376889,1.358222757268055,Sprint_Mid
0.6497513940720173,126.4,129.56774289922626,0.8280881784432186,0.12613400323413215,0.05640417283647281,107.23264116303633,0.696350764921314,-0.3740947169446941,95113.31872638577,0.7923193146183731,2.1232899954704614,-0.07917696311529619,-0.03673056594587496,1.7197903571754753,Accel
0.4982495926405887,131.3,133.9914176356083,0.5516999565718033,0.3192913631185615,36.203966652971,83.65430553668614,0.39721262671068425,-0.48854428140717604,107308.1056811949,0.8303745948112872,1.475168094127903,0.06096305770540035,-0.7659421752036358,1.9144794320269192,Stop
0.7058269104580135,123.8,126.52667702899653,0.6991683689682757,-0.2600660426597427,48.13132133193188,91.62008831867689,0.01692341079172741,-0.2464541304180368,50857.291080003604,0.782938774409461,3.102736279029185,0.5740727529179286,-0.6901861533312287,1.6668027091426216,Stop
0.7911063032838702,122.7,125.49780874581039,0.7522116110724155,0.12193189904210675,-9.328167096749729,101.20654483695093,0.09079657503376254,0.2790590125041352,53791.565867068144,0.7367540225977229,3.1544946371603126,0.34178325275309834,-0.5377816597012595,1.7156136766542094,Jump_Takeoff
0.8601912094651342,135.0,138.68164983154765,0.4812306329735559,0.29367886085431627,-7.26126201453514,116.22585358605335,0.20054417422353507,0.1331455390088539,48845.22651878712,0.7529664693440623,3.834944591007042,0.39137372742570403,0.11386028890147062,2.128598806698238,Sprint_Mid
0.9121653941088281,150.3,152.85777703473252,0.4744267581250016,-0.07808719990718066,27.31707027539172,111.68850434246298,-0.015448047366380828,-0.15393581493054903,42466.87351400264,0.5147764426240451,4.189025126603221,0.3443445382954177,0.8405841035177204,1.8541737919242305,Start_Run
0.9184481912751399,140.7,143.21417527605288,0.7602436011931002,-0.0949431385274048,-14.90653748012738,105.53207791416872,-0.08552845293347114,-0.5120154333065857,60201.74701931076,0.7725396472058796,5.577323016131536,0.3609801182358719,0.03183841788927484,1.5046297625359335,Stop
0.9905794396325146,139.2,141.56482613982894,0.8046419715148183,0.049183810311246426,-58.048666043456265,111.92999192591961,0.669136766829275,-0.2056079735945885,59409.28403778993,0.7056094557491575,5.350802929936997,0.4785703920437636,0.5046927925310345,0.9912257719541221,Start_Run
0.6826794676219718,145.8,147.66651617750045,0.7814927494924986,-0.2358274564300771,-23.249168453593523,114.86176028193238,0.38994496528762146,0.2523751435518191,58400.268542527476,0.6774217485596298,2.3391277637604255,-0.050819825853938155,1.033840000516405,0.8092357826406433,Start_Run
0.3776534465586011,137.3,139.5353001931769,0.6122374303262071,-0.1893226140463229,41.19000668314435,121.89137563417987,0.17040805536615675,0.11615540927771713,39430.82911214202,0.8652433471251271,0.755506561530168,-0.5245770000938901,-0.0471424542872144,2.0109592826713696,Start_Run
0.8025721501105757,127.2,129.50212353471275,0.7358712273988198,0.43608650482822126,26.265551252694035,102.93780543256578,0.12251290059831736,-0.37681109295733933,46380.629764736994,0.7908171359582258,3.3502658949885378,-0.14039964841627556,-0.012797080252674994,1.8146059112889725,Start_Run
0.8477124812715067,112.4,114.00877159236477,0.8074495941140944,-0.1397893456812206,-10.666912990210202,99.31581584060783,-0.03168386540785464,0.2342376170976681,43600.207496884184,0.8264700423131495,4.311642714248541,-0.47374245756825967,0.8369719261896591,1.3372737293445447,Jump_Takeoff
0.8501667527396306,125.0,128.41339493993607,0.477864989572846,0.35904753358750985,7.200783563482487,108.19418461261516,0.3613447815391489,0.0971177810873224,41722.71790059893,0.6678913792150251,4.130001247232563,-0.43019951456277683,0.8147043737376158,1.5942949554874524,Jump_Takeoff
0.797584968113175,136.7,138.85424012251121,0.5251546583458248,0.6968193368774773,-11.5904423677834,80.45175974622524,0.18207132426122732,0.06789073435554696,30155.733331096162,0.6520728959283968,3.913641392945512,-0.3267657165946031,0.21735672701890643,1.6778946591413761,Landing
0.9260558005205374,128.8,130.52432723442783,0.716493226306917,0.48947550263995704,-23.84616551787027,62.01433160155286,0.1978407767880797,0.13955311246502616,27681.717328768118,0.7080176602555016,4.29600455491404,0.03564628668531497,0.26042717435554585,1.7392799131406194,Start_Run
0.8460200352800492,128.6,131.7740490384962,0.5276286298556525,-0.39085465458841867,14.096848506539828,68.716232186456,0.3959308292083032,-0.41627215343281737,63656.788964107676,0.7343553358216903,3.6995949315596213,-0.032796584069078656,-0.2309326733064049,1.908851850181381,Start_Run
0.7268833798457259,124.8,129.1154522123514,0.8950282130475692,0.1882708153634891,34.338961918652004,87.0371079514494,-0.17861621983232234,-0.607804478434467,40035.63982196698,0.7596639329283208,2.7428513234534493,-0.4634295340923092,-0.7623685846755424,1.621089043162447,Accel
0.7347534941447902,121.5,125.00759976897405,0.7240026603558231,0.3287650780814284,38.68876038114168,93.33722834584702,-0.10561102672741612,-0.013356302408126205,73277.72788252344,0.5381722545919643,2.749751237235974,-0.3400337090903965,-0.38872053215619184,1.4699073089231125,Landing
0.8777882008412864,117.5,119.55626290579679,0.4477902939194277,-0.33572599748161697,9.566802582495802,97.57616860060229,0.4870088557365658,0.8548952974251138,33964.51339293072,0.7616076214094837,3.8669847518801923,0.5608780269610031,-0.8346411294873765,1.6061414896173536,Start_Run
0.9150989976262422,131.9,134.47193015644567,0.832074230933175,-0.14252554751114802,7.521955367548001,100.26547016825594,-0.08675954337800652,-0.21729832177329753,30432.493666605948,0.44482772907252144,4.188399896087191,0.23339510626409443,-0.8998675470511573,1.4054623605852468,Stop
0.7436766481842165,135.9,137.79296063297284,0.4292931579527747,-0.05170000179387223,1.1741304623340938,92.09451437472174,0.17700698634377,-0.08860603797199859,35785.959465502725,0.5641569926285176,2.953969530103834,-0.5276025079229023,-0.6256350156031464,1.9013916949941474,Stop
0.69741797173996,139.3,141.70638658860793,0.5755155312809708,-0.5775487691289625,-12.225923528284914,106.15907177368864,0.3092301505850248,0.7071919218683087,39964.92182466808,0.7655680442750682,2.505429360888104,-0.3849762273762798,-0.4881524951271098,1.9489258773153382,Start_Run
0.5650226650433391,141.1,143.80924865946557,0.7400643003994334,-0.13213120863974687,5.422154654768275,91.98861595062183,0.28331934849593476,0.0756904473321929,42447.823662548566,0.5542269724625105,1.6089835293487667,0.2097912319716867,0.02934624758701885,1.3645284737802874,Start_Run
0.7854229414478763,140.1,142.35835065074335,0.8692027066596246,-0.3645094071644214,4.847181333026953,85.07922427209829,-0.4003582651388998,-0.4879507512306371,60454.31417005883,0.7592310008663977,3.1210818708487356,0.13401373896761418,-0.4713612311188398,1.1399810779054411,Accel
0.7972490885011073,158.3,159.38600942366304,0.7058119700542544,-0.07774879054966642,21.55592196154751,116.63211215232782,-0.27231900992074043,-0.3509463486465423,64026.95815779739,0.689330599453943,3.254238400285568,0.036849259213084455,-0.911301884615456,1.441806022147626,Landing
0.7904589355480265,138.2,141.7518959308834,0.8121350626276495,0.4822168193058593,34.53526257898335,114.1673525282563,0.30325079219334133,-0.15597160956752498,59306.737755462076,0.6082164434156732,4.658470247754485,-0.11332717227743219,-0.6159617703505902,1.6226102152895905,Landing
0.7779844105000828,115.5,117.9131035975222,0.7819804349697957,0.33917669562332103,10.651062535454713,79.91008469892714,0.4808570388455512,0.2168695633278423,53909.85727952926,0.852925584523121,3.5020834848027897,-0.01716745555541189,-0.2201211569800987,1.6291815732616401,Jump_Takeoff
0.7914402212445314,114.7,116.39802403821123,0.8044438164743887,0.6235677053881103,-11.940966990219874,94.25309191121792,0.06554786193259714,-0.11518166156022125,41432.74753402456,0.7060757656190351,4.021092029819284,0.3706406773040507,-0.004023609313593734,1.453960503139927,Stop
1.0362548079690128,127.6,130.43312462714368,0.6593130516880474,0.5545707016935498,-41.21138816346253,128.49751577504958,0.20516105480208555,-0.12046834093367191,51740.48326381097,0.8369992737179102,6.097614195890499,0.1787962119635746,-0.09297485106040435,1.4004991827054234,Jump_Takeoff
1.0123663085513848,133.5,136.34405010853976,0.6574202809011841,0.23562247423815338,-6.314438210884978,113.73506071253605,0.7605417381266278,0.03705193619432385,57346.39082821623,0.5844999882911753,5.196672113505377,-0.21347363629958996,0.28826724250511,1.6660652842212196,Accel
