Gyro_Mag_mean,Acc_YZ_corr,Gyro_Y_rms,Acc_XY_corr,Acc_Y_std,Acc_Y_spec_energy,Acc_Mag_mean,Acc_Mag_rms,Gyro_X_std,Gyro_Z_rms,Acc_Mag_std,Acc_Mag_spec_energy,Gyro_Z_std,Acc_Y_rms,Gyro_Mag_rms,Event_Label
185.80974155732034,-0.6399745068531911,132.50238810838889,-0.008650503592659583,1.8732079332185645,8.772269902682414,3.1721533823860257,3.271430349268579,88.95773409190294,109.17040706147478,0.7998121333991102,1.5992486218310902,109.17026331305098,2.0037508393931307,193.9539778397599,accel
147.85179406220203,-0.45879380802413955,119.7587087147919,0.5330633549675545,0.6987808515222859,1.2207366961355275,3.412072648906509,3.5063334039682905,60.94961304413655,77.48662437950128,0.8075482514178207,1.6303354459199497,73.26325345835077,2.225102428932175,157.04660434046093,accel
169.57769466673756,0.10534778771670102,104.2957517064731,-0.420537177234154,1.9442162950693833,9.449942505033297,2.4008249289789214,2.6679380806622492,80.72857646789606,115.80040508272766,1.163586379535754,3.3848331566028094,115.20107122574355,1.9798563799537168,175.56816137906577,start_run
135.52108128260656,-0.10933616953664653,80.623085654551,-0.02889798117201056,1.7529955057346145,7.682483107814393,2.9201596349662133,3.1214459345700916,55.57718025930381,94.11794216157823,1.102765808663899,3.040231071895358,92.67179481340995,1.7534162117373655,140.89863832797664,stop
156.7058349217032,-0.07582066583844,125.85179286553499,-0.8999726171074921,1.6425436148818138,6.74487381697254,2.9499486929881393,2.9803287990820517,40.45485309701999,96.73130815822621,0.42445548574077097,0.4504061484385845,70.32229796381509,1.6914399828820728,164.1310064742454,landing
205.45332245131544,-0.4620082911231078,126.50246117912948,-0.5965307536223562,2.027391187451317,10.275787567388154,3.3260025731503107,3.3634720919695846,87.76194217917508,117.41801047067243,0.5006509730898039,0.6266284921394188,85.46088596534447,2.184666929197856,210.68720424685657,landing
173.96084133426487,-0.30822356318334504,63.96674942003673,-0.21569662809063553,1.5356093281771674,5.895240021961827,3.0852953283838853,3.0986292769410677,92.5617428967887,94.43914295171905,0.2871517587773004,0.20614033142224225,88.1184762668916,1.5469489544271986,176.27039067164498,stop
181.2266124951707,0.011938963175279541,56.52745245270476,0.348807782194698,1.8691746764429198,8.734534927638736,2.970231758791209,2.974905634416019,43.70962185982584,117.50306469211199,0.16669382936466445,0.06946708187063966,113.11274229281672,1.9022270575966918,182.0731045449679,stop
199.3517519290312,0.3148096748976768,98.83310495442703,0.6681648000795729,2.1397475846012823,11.446299314517555,3.0620183329696617,3.068844462182348,122.78153891909577,122.61970998386361,0.20457287607342933,0.10462515406238668,118.51281067130837,2.296440816049554,206.52993672842226,start_run
183.6653378280189,0.07842202763481103,107.33169188526746,-0.640240817860376,1.4864727238546056,5.524002896909327,2.8321928940104293,2.891502579920234,55.363506957719856,91.39294042217333,0.5826410394077983,0.8486764520054988,76.47362246795574,1.5815218855078212,188.80508237128893,jump_takeoff
201.0061087877622,-0.027857057625940825,87.27939750583305,0.10359044647785007,1.5002763935153451,5.627073142348527,2.888882769243202,2.936866435788943,121.22770835451198,100.05056707338248,0.5287161877920696,0.6988520180834477,99.27428664926154,1.522822452707447,202.4398568456077,jump_takeoff
171.04024475855172,0.8606061147009239,74.45404325565387,0.4654318452989147,1.3686521056965457,4.683021466068972,2.7380526987276435,2.769138970009367,107.45078484269511,108.50196487283024,0.41376086597792916,0.4279951355370145,86.48357172936903,1.3862442248249918,172.6897560471988,start_run
146.5301440935727,-0.3607630346845285,96.58985051150627,0.14971778188048296,1.271368497707341,4.040944642406552,2.528232616882764,2.591273390321244,92.31787479849467,69.26273602457293,0.5681000073200883,0.8068440457927111,54.14427845386597,1.3882264557711195,156.91827077098054,stop
146.73113376984764,-0.7875496531211443,78.47845102587783,0.7697584258215565,0.32389425016680207,0.2622687132277874,2.7053352418686556,2.814316799385872,77.3873753006575,90.70267919595953,0.7755902761181307,1.5038506910224954,75.15445804075658,1.1754753500194834,154.26597877508846,sprint_mid
164.34631674393222,-0.4947410041714853,76.1304610912558,0.2388331751482132,1.7214193457726576,7.408211410000909,3.1282646360042543,3.2995415363113785,58.871598510183716,106.37558031483076,1.0492543623779802,2.7523367924230535,106.3655090730601,1.7248669931405254,170.54617081056173,sprint_mid
194.2081026557904,-0.12567601411543639,100.88758975679816,-0.1985666723839771,1.503520716179696,5.651436359953764,2.9083064754583505,3.077623469149309,105.61629809686464,127.15714579419,1.0067371368265177,2.5337991566641365,123.98774394749017,1.5552853184991304,199.59301631573754,accel
199.1254566257575,0.44216101285449666,86.68034578393421,0.28684051926402276,1.2494795643697423,3.9029979544440017,2.293042032677962,2.4296414213948,112.6146300732452,136.2780487135103,0.8031909318023109,1.6127891823236618,27.49554339581729,1.249600294014167,203.7792205257883,accel
183.1733575010373,0.03128511187987066,71.83725229634277,0.17547687607244006,1.1378890315420807,3.2369786202594355,2.8546478717936092,3.0039100196691564,114.53558872629469,124.20571385832532,0.9351261595811379,2.186152335832419,99.51022608687634,1.2096965958389123,188.16031876161267,sprint_mid
176.03883592910051,-0.26374892311999215,99.83333078539299,-0.7520720691615387,1.0899243533710163,2.9698377401780705,2.972053849109789,3.0310927929234843,52.234279941530914,102.33748914626231,0.5953313676469402,0.8860485932609408,86.8314544949411,1.3952734953974708,182.7312091769912,sprint_mid
179.45562103774554,-0.47326066968517055,127.0058715415505,-0.1411622441065013,1.0840528658850728,2.937926540084099,2.5618730422465843,2.603032540261476,39.67400020047368,75.22731872695225,0.46106932349739194,0.5314623026758566,74.8720154128254,1.4385861291769915,184.59063759808572,sprint_mid
175.475570075552,-0.13249150318479824,129.47169153978712,-0.0671608758186362,0.9137112062403191,2.0871704210228472,2.8748070763425213,2.9809682280301617,96.55443321726624,53.350622072577536,0.7884515523075906,1.554139625840623,43.16018034548215,0.933111415179359,183.02144491825618,sprint_mid
212.13597529573218,0.2278621382853831,143.83588410387742,0.4486046754098703,1.879751556149229,8.83366478211362,2.9455578966519975,3.049612410946038,111.64668579052264,109.91033779178827,0.7898256354836597,1.5595613361679175,108.8672564584745,1.941561764791148,213.23579104496804,accel
205.1402670676486,0.8250660057202277,120.26221256513998,-0.7313232045377103,1.3306806178331223,4.426777266691852,2.745401044092023,2.930477680780008,87.84244330156841,137.52904368868508,1.0249256288376274,2.6261813616205165,132.80527753766754,1.3322200190755478,205.94697267939506,accel
177.76270334840586,-0.081582620781039,83.72908458475806,0.9036128705920333,1.4434060755669194,5.208552747458739,3.039739639216591,3.0497534571358798,114.60944386959105,98.13179300742033,0.2469394158242754,0.15244768771908596,97.48574467937118,1.7316558019918453,180.22967772381753,stop
185.15652191977034,0.4424528685834644,92.14475066577695,0.8599058633775498,0.9501082877371329,2.2567643960669654,2.764383365585732,2.7988329530845255,121.9916475064316,92.0853781917025,0.4377790622502915,0.47912626836186156,91.98881483045753,1.71790303180052,188.50318926270333,stop
145.4336205908212,0.05605591339983148,107.958939253484,-0.9201805897364742,1.3015279730018035,4.234937661265458,2.6273680390392995,2.814508154188594,63.310465650161774,88.74426655521214,1.0091547638637353,2.5459833435721784,67.23125098733257,1.7118909291511961,157.8320162166254,accel
141.54716009497264,0.4236762415111575,103.38694800017893,0.05902109413053572,0.2906944183176646,0.21125811210261344,2.5719872983172123,2.7002966292195736,57.73107524098624,85.03163756421363,0.8224860017468486,1.6912080576737925,66.52536657201743,1.468854436017364,148.49457838422526,accel
182.40575321266678,0.7729139095810552,113.7955851555282,0.05601573556254334,1.6678050756556024,6.953934425956476,2.7029054524818954,2.7648439973336187,62.08232038163561,101.24568343204336,0.5819488332623287,0.8466611113384642,54.78196121650509,1.6843656702793404,187.46199324860567,landing
195.04472727970406,0.4860485744727328,116.51442030501808,-0.4991640256330951,1.2605210418470307,3.9722832423478094,2.2767021886422656,2.3453418531365644,117.4630505384635,101.66479458164017,0.5632544294593448,0.7931388807639297,65.56108936603887,1.5100949012516711,198.09227767320857,landing
182.524359012424,-0.37417500564069206,120.00782045709786,-0.9866759224958223,1.0548670207171313,2.781861078491592,3.295240169648826,3.312019147167041,91.51956837864441,113.11585788622797,0.3329610420662889,0.2771576388346726,56.14325990361889,1.4094919751479225,188.7150574405776,landing
169.36330002675106,0.0415898942905072,135.511813430036,-0.9624525879565087,1.106298515651266,3.0597410143304855,2.91844490243565,2.9746738892705844,35.22146293900566,87.72171470110554,0.5756423359652716,0.8284102473888864,82.32981838295642,1.38820727738598,172.89872035346127,landing
173.046647098522,-0.643424802977083,120.24834403688295,0.3044283839767835,0.751698254620364,1.4126256649982534,2.5747765023557294,2.625858051546525,36.96010515614443,123.77797462898411,0.5154187324773036,0.6641411744712756,123.15515316127848,0.7555970216319161,177.58612321366815,jump_takeoff
161.13731500169024,-0.18500544514353962,96.23165516904493,-0.4136100838545372,0.8630673074476275,1.8622129429622436,2.3629097531334002,2.474748717951238,87.71379404271342,105.32154530928062,0.7355533397030758,1.3525967888708714,104.22757458707119,0.8762530737866995,168.77463602209752,jump_takeoff
114.78063958718027,0.6847490777618841,96.62258865804692,-0.3810563697618336,0.7879712442105139,1.5522467042566634,2.7939527236754307,2.869073489092461,29.71236283929847,65.29477026257321,0.6522352824555201,1.0635271591995803,65.08627998856936,1.8551811049572444,121.03102660943996,accel
164.99546281216635,0.3693997478955422,108.46626893872504,0.5233235890304708,1.4733895365060963,5.427191815714123,3.0721320577999487,3.1727000865472736,109.44566126390296,62.429033914366066,0.7924837276657041,1.5700761465373252,62.284611266783976,1.5195804568612954,171.1741084546834,jump_takeoff
209.31657134090105,-0.341254910153342,124.75739140633058,-0.49857818794516,1.8156428681430827,8.241397561597102,3.788611781636468,3.790883244385662,102.76299652085551,134.23253263988272,0.13121181581438762,0.043041351523271945,134.11938631903828,1.8698640078960624,211.21111423257778,jump_takeoff
193.12688732677557,0.46491164341744023,124.20555646783454,-0.7761083458428795,1.7237663567055468,7.428426131274785,3.7182962390746495,3.7299506480236335,75.73971906862873,124.80727242131896,0.29462673873095185,0.21701228793809144,118.84827023545115,2.526539201270039,198.61415456547627,jump_takeoff
165.20821850892904,0.7387433259252821,99.24797209806852,-0.11118327708402863,1.7737388614194927,7.865373871274298,2.490062046863488,2.6943318777890717,84.88040481317717,45.066146771842774,1.0290846760303078,2.647538176101009,44.17261708599699,2.0967101038963762,167.87618258740997,landing
179.0185263691197,-0.10177243959907238,67.87602025485374,0.2854140235672975,1.2430383946661443,3.862861126535462,2.188072071460976,2.3005924215168645,138.17609810077934,83.10827792464217,0.7106800264769697,1.2626652500832658,71.15351330769965,1.3201826708889657,181.51086497271467,landing
160.13365775097085,0.581899879347954,136.28944278074727,0.3683235179340161,1.629480983872233,6.638020692003053,3.1272892397741745,3.159739581218933,64.22867191944773,69.42638124595416,0.45168156029913603,0.5100405797856551,68.80492098968695,1.847250485893929,168.65157151832096,stop
142.9082365223277,0.16477828609835107,93.50973040712563,-0.40253312548193404,0.7852627886690831,1.541594118170863,3.0888720720232827,3.136363764641968,64.04273587827385,89.00965383334623,0.5437342980111999,0.7391174670843305,79.92727553183533,1.4681583643879308,148.60437390716692,stop
180.02114028894326,0.296869865964724,113.8037615401301,0.7559070258853092,1.7580829047037623,7.727138749529047,3.1885638069342503,3.345963221294337,81.39923669514708,115.02075566586329,1.0141650395095145,2.5713268184083367,28.542079130861676,1.7688547435478064,181.28338610464988,stop
180.05649347672,-0.3851663421049724,114.30258295635171,0.5620213024300937,1.6136351125117754,6.509545690827226,2.759298576241458,2.96734133822308,90.13727754980167,105.92566442911988,1.0915062916352825,2.978464961698515,54.57200826234408,1.8712778324083648,181.41150357014982,stop
154.02163029985655,-0.43417249345061576,103.86852544542782,0.427030214581225,1.8864973896706967,8.897181003085883,2.680603287248755,2.857499167145811,93.6854503634095,86.67281433719823,0.9897815449027996,2.449168766575432,84.82289220367451,2.1336531389643114,164.55447079556527,stop
177.49159911386863,0.2774300348297317,96.25249674657881,0.08454122756249491,1.9580215752588892,9.584621222948256,3.1173166593113573,3.1374840147048664,116.44143296775954,97.72711537940495,0.3551658599984654,0.31535697027112386,93.97813606981688,1.9811859737268906,179.9304194493244,stop
184.1279902536216,0.5289714668876053,130.1515861307866,-0.25933093249326905,1.0937717993673632,2.9908418727282995,2.4648068699913344,2.5746275919904122,102.76935689421018,89.1074182376315,0.7439316709764867,1.3835858277046689,87.77033572053833,1.1551850996942887,188.386542606704,landing
179.6976747510934,-0.12809560188748997,121.13441923863118,-0.030635522330345697,1.2074509071828743,3.6448442331418662,3.1356622647998518,3.279568338563634,90.95691457368078,88.97928418788958,0.9608281055523408,2.30797662104825,87.42950542918547,1.8587282295955625,181.65995215252525,landing
185.54266119209814,0.003202958536645428,124.68379941729248,-0.46738166250783447,1.5757576506733733,6.207530434139172,3.568987753999901,3.6476854905556553,86.34529934341838,102.333351591653,0.7536151868221552,1.41983962452248,99.18227628463345,2.2210769123166965,187.2558690923984,landing
175.27936594752904,0.010557133846331678,111.38633912441982,0.14605190694683864,1.3645086216731,4.654709446550557,2.9921578029100404,3.0853920750339796,78.51079213618472,108.21485660370477,0.752752242884101,1.4165898479176116,108.17673702015517,1.6629187360450983,177.86041215400806,landing
189.23989016696538,0.6069372159001784,113.92523212192165,0.44116588050148925,1.5987265295501638,6.389816290718777,2.841181784191904,2.8757799525978367,85.37574880342132,118.51656567515599,0.44474307745003233,0.49449101234931375,100.2169851545867,1.610725222619366,192.26275812611658,accel
158.6010421108794,-0.2804998689122696,107.43118632535734,-0.1612903454167963,1.8493776121845589,8.550493881123653,2.666042086124322,2.7894166459025285,78.59389000689555,92.10504033406168,0.8204052775622461,1.6826620486299653,69.31138383959247,1.8845386193821652,165.83037030049923,accel
164.5089612384881,-0.6729944273600499,93.24446756321268,-0.050308605856413946,1.5162513416957926,5.747545327985726,2.5886887170202137,2.7024846222042327,84.5310905896966,115.10750637975474,0.775959960064045,1.5052846490564857,104.43230995014072,1.6624070343443829,172.85670344113134,accel
141.48554747694016,0.47838158766823863,44.96123963281548,0.5112537645191613,2.0592889757612194,10.601677714229229,3.2645093303472685,3.352872673042511,105.28351241067365,85.25530091593477,0.7646790135153858,1.4618349842771587,74.41438826345504,2.0592916909901016,153.24527283553954,sprint_mid
128.16398672874368,-0.042703853146104656,50.554730277783904,0.5042337791014281,1.5479786094986665,5.990594438663564,3.1680023012248513,3.2634433348940113,75.75636382819746,58.2652661658039,0.783469092879988,1.5345595487454786,58.03746746478534,1.8539057205985303,135.60689077251436,sprint_mid
164.28937536920182,0.2905898176167079,91.81217137897421,-0.4325328968618185,1.180026414884863,3.481155849565057,2.8317109314015823,2.88742862941769,101.508691699816,94.10035795497572,0.56449737905654,0.7966432274042571,92.5359419936334,1.5073768991685474,170.77283565237371,jump_takeoff
177.84028735069327,0.1186022535123579,92.106037409577,-0.6612048248060457,1.402689575282414,4.9188451115149,2.812884057603278,2.8516002825367694,111.55269637662707,112.55820832710498,0.4683027331172661,0.5482686246127533,109.36426265631476,1.4269003308128592,184.8176868391592,jump_takeoff
143.73930096161232,-0.49034763592010433,110.2901432912433,0.4724088163432109,2.1395912670826225,11.44462697544056,3.3752777750145766,3.4322725314510647,70.85983420566498,47.193454607015376,0.6228921830029269,0.9699866791153801,22.423182114287158,2.6107605076460065,146.59481291107812,stop
136.57793838912028,-0.7962821050226899,100.18865010850907,-0.16797942739159458,2.2781189763047047,12.97456517549899,3.002966925090129,3.0205957915511457,76.00389904922913,55.08222807662116,0.32586589688279344,0.2654714568780684,39.75043732261203,2.2822794078061284,140.33388614558052,stop
171.46277154828618,0.33461538440688293,100.54042907790911,0.8000927021352879,1.094449327376142,2.994548325485224,2.786154899102521,2.8122975399839705,101.48551588366351,100.00723168134377,0.38256807447422203,0.3658958290172848,92.48168565370798,1.5857278794183878,178.1721481443929,jump_takeoff
162.40182554203653,0.13213247453041224,104.9269675873175,0.9338582649619455,1.1822170775565752,3.494093046166023,2.7862430863926595,2.8071600124096006,74.85603228480227,98.14670149523111,0.3420479481016879,0.2924919970014375,83.20251521337643,1.1828647071608516,167.5816151195642,accel
161.04052348310606,-0.5672455909114259,92.16623511713021,0.8263060662903432,0.9305738513966606,2.1649192322580353,2.5242269105242032,2.5788612922579124,77.72082916317274,113.4700991423771,0.5280190042901705,0.6970101722289577,95.8113658644348,0.9316222279581284,168.56943303571438,accel
198.35561092129188,-0.12376208452610654,122.38042601555361,-0.666036231471638,0.9079539396613311,2.0609508913663297,2.165546582834743,2.479968787841952,114.72904510029144,74.04477507332466,1.208574857525609,3.6516329656076145,69.54565293182812,1.375745857879304,202.58157366891749,start_run
172.97321366625596,0.412305182884812,86.54165866332069,0.13147900853800693,1.2996630727967087,4.222810256978457,2.5836939116705686,2.9215984029807145,115.14390735781578,80.05355518963827,1.3639145864371043,4.650657497739743,79.83816848064625,1.4263252191583164,177.08265807205248,accel
150.92556814769128,0.5400520878163748,59.025852256176094,0.341891534430619,1.790279962224448,8.01275585785593,3.318213595002329,3.371517810042201,114.43068976161459,66.29980064455248,0.5971523100294254,0.8914772034336972,63.061187494516936,1.7920038536421963,155.96393872138745,accel
191.1632166812059,0.5709594881133858,138.43405292754113,0.35200510822737785,0.6592519130861342,1.0865327122693191,2.6430112335781772,2.8613647536871314,75.08612077135025,100.31512351429679,1.0963119413846503,3.0047496820564517,97.8466791388758,1.238902368644844,193.0309083205893,landing
178.1701037381483,0.420850134877239,89.27464783652138,0.5979705389833003,1.2165140872225297,3.6997663110271626,2.7657129740578634,2.944667440350334,85.55738001672394,123.86284211453768,1.0108897464053106,2.5547451984684835,69.8078222715735,1.2582386523263605,183.16613955242326,sprint_mid
173.11876793219864,0.05587833694931053,116.31640076901424,0.7159398792359981,1.1505949649776195,3.3096719335796245,2.535090847706153,2.6383966407906274,93.40989893086122,93.52776687809367,0.7310617128613469,1.3361280700294162,85.59320058882159,1.150736693229307,177.5548919043904,sprint_mid
132.6812783511137,-0.22667121963442996,66.60946165630243,0.2926705255510385,2.2816008448426937,13.014256037967238,3.326703931006847,3.352188218724737,41.96647648512775,98.40094723306606,0.41256127930346975,0.4255170229512889,85.97106902055208,2.315057647770551,140.02651683666764,stop
159.90826101671885,-0.35513344201683306,109.77246354439785,-0.033807344986440176,1.0118048333337264,2.5593725518937256,3.0832405378170704,3.248740240372477,73.18685121000918,84.09954978289461,1.0236898628866657,2.6198523384423016,84.07096922508104,2.371324659469705,161.97586826559603,accel
197.08897399435622,-0.6190015872321574,121.20365216878888,0.5423913276873338,1.581556563313307,6.2533029073984965,3.224055733481419,3.3223452604106756,114.43979640782695,113.18536389302432,0.802148774716303,1.6086066419471656,71.60842840582559,2.0121295220802957,203.26292737161694,start_run
162.8028327565037,0.4317360763586853,90.14235815189045,-0.33296632123693376,1.0691845476498494,2.857888992333033,2.2180241266237686,2.428464563673955,95.23539803782646,82.44826457460088,0.9888423083257517,2.4445227768375024,73.93556807474933,1.7348171802282863,170.9185654182557,stop
154.65140842091955,0.35614185479239774,97.04126938942152,-0.7490228568517937,1.4217740238256438,5.053603437063405,2.8957206657059977,2.9267992729109054,38.10537801430762,107.36492387281653,0.42538901033644194,0.45238952528754367,97.42890582444895,1.6137227233554767,163.51036743337212,stop
193.3017355327152,0.9254004937456556,132.52956475230158,0.005254389440291023,1.6914437866792282,7.152455208739414,2.9187754111093724,2.9391259371189453,85.57202916619262,115.68161948749407,0.345270001228938,0.29802843437157717,114.5807318722081,1.8452313143652253,196.32552801402773,sprint_mid
172.3411659652765,0.7414461858699738,109.63409109731894,-0.0020330040044808807,1.5400660719699775,5.92950876508259,2.848255911852243,2.8628263684538173,90.20796616833967,99.31892112247263,0.288466768472934,0.20803269128304325,99.0120302746566,1.6779168448446835,174.79689060817967,sprint_mid
187.52988373924748,-0.8181258714505859,111.22034502810126,0.5282193783929776,1.569698795401316,6.159885770710858,3.0515840526697167,3.207679277766824,120.4011738547306,85.41979511165647,0.9884539030761934,2.442602796266402,75.24717613341029,1.573931747281836,191.06704125948502,sprint_mid
206.0694171142928,-0.27500378899274314,114.70443549717487,0.04373145570720405,1.4853320811146276,5.515528477970774,2.570330453037632,2.6883712775527098,75.58273937693647,152.87719089321715,0.7878714921595712,1.5518537203943734,144.76980693423914,1.5021535502898906,207.3940049733149,start_run
210.06545959063004,-0.5669500640868632,92.8307682771741,-0.29380954336384085,1.664025352516362,6.922450934543005,2.9665248197318186,3.0466538227140423,112.76990311109148,151.82268444311111,0.694139762132376,1.2045750234329788,151.62392045321585,1.9561353582133125,212.29450173489198,start_run
228.1812893720683,-0.550713792947422,101.87797545264506,0.6351534071423165,1.8251836918143522,8.328238772162669,2.991005857693716,3.0522487750647915,125.31501802859255,141.4379705703973,0.6083638254584158,0.9252663603159945,141.4184464899645,1.893686315120188,230.0374966374591,start_run
154.2826498981295,-0.08295986179061479,49.386096202772514,-0.24962577104411207,1.7308017387871226,7.489186647471316,3.3065907278675994,3.3374544767620393,117.86825690689228,100.60111376785241,0.4528356686911923,0.512650357097498,100.49964378642804,1.744718062402465,165.15293134892772,sprint_mid
140.7770494072177,0.49155822200337157,62.15844963257178,-0.5115258576828213,1.5170023152400418,5.75324006110912,3.5398328650747417,3.562162849865988,63.271203190610876,87.01700931219554,0.3982304060492182,0.39646864075531296,85.11383253053043,1.5702600676027954,151.8240988055681,sprint_mid
182.97965709277105,0.6121087365719413,83.29121620904033,-0.41135216292571436,1.3128979299745376,4.309252436328565,2.913734208046351,3.104646401459909,92.40401411262555,130.53869050594474,1.0719058927715928,2.8724556073961645,43.64202289277735,1.3422938080836853,189.37643772427566,stop
207.9552970652441,0.3342724282305464,92.58354909119167,-0.4784895086497296,1.5053254219086405,5.665011564611068,2.4659581003351865,2.5924567479772493,118.67822734194863,144.9085004321711,0.7999266450894446,1.5997065938101356,102.17381897818659,1.5399704357081765,209.15100777226272,stop
190.70724797358736,-0.07506755564689498,98.1003508205147,-0.24721787274946883,1.2930311319067118,4.1798237701998815,2.758686605478161,2.7680516234729726,73.48004982092263,133.2079181190581,0.22750385264153808,0.12939500741685664,96.80185326728854,1.482503805111875,191.7298966252229,accel
138.13051532238734,0.7923516438254248,92.58818883541478,-0.37883316725005384,1.6705854906620017,6.977139704026004,3.1542747867042906,3.22927864845772,75.72575707435614,69.98976046987848,0.6919473674684516,1.1969778983663013,64.69680374297731,1.773447366427191,143.7336349851817,stop
190.488354569589,0.5915198155273431,124.70640504106468,-0.49683649653937617,1.3565018345759379,4.600243068019712,2.708429865821357,2.804567930651813,117.2396250224784,102.51765912312443,0.7280171286223268,1.3250223489187438,83.05079771370949,1.400948787260201,199.54499746746572,stop
212.57724216322808,0.027670805218908943,138.302851650018,-0.05655328179007657,1.1323668918816177,3.2056369445740875,2.1841498151646315,2.215615478847583,95.18286402250581,130.97372327061214,0.3720773239869789,0.3461038375632782,95.22777689247776,1.3562571317411396,214.12874951826876,stop
161.68121787769797,-0.4884966100671964,105.03223381189922,0.0285091810179217,1.950134597029523,9.50756236632875,2.3887762800921926,2.5027589578578606,98.11831009230897,72.85208917540558,0.7466928985912953,1.3938757120166767,65.81919817662224,1.9939162896436524,164.24569142206363,accel
166.17974983966008,0.3146452162212605,102.75989513709327,-0.15312442272480095,1.5534463565704315,6.03298895685487,2.4954932850206375,2.5185676210276045,86.63264003857168,111.11524290910315,0.34014133254509443,0.2892403152638812,100.3750824428938,1.5833379746347658,174.87556861234356,accel
192.05433577117134,-0.11325447508651568,114.71164737517778,-0.6388750224686652,2.0497638356437666,10.503829454782615,2.698964754717669,2.7240583634180173,90.23378715948878,124.10298107728512,0.3688945921255038,0.3402080502486046,123.39470349881586,2.050514751614711,194.80470193998283,start_run
196.02724543003205,0.22106561976630162,109.97289415061536,-0.26383816683711514,1.0724776937355442,2.8755210089007788,2.5825243911732394,2.6390461396104947,105.36675522944573,127.96178786220193,0.5432607992376627,0.7378307399708601,117.0001409711569,1.2682876552450055,199.7853882103566,start_run
174.74173192310133,0.2386460393343231,106.26595599255081,-0.0486443461354409,1.4913021676949914,5.559955388429449,2.5725164999814316,2.63807504480794,96.38641490697366,112.57759875255925,0.5844645407222757,0.8539969984042518,108.7799255532808,1.5886584526603238,184.80144106448944,stop
205.81440890511595,0.00020514253229925625,124.08840890089338,-0.6286437715541003,1.4813271690187708,5.4858254541829155,3.053010405504728,3.0895673559725325,138.25537566331693,96.97485595453989,0.47387119660405963,0.5613847774274084,95.65811974194109,1.482406594646713,209.59599843653282,stop
162.72231808991214,0.24321229336754516,106.18270144733745,-0.8398523175254495,2.056699915085216,10.575036351778838,2.8923592280177255,2.924358324410292,65.55509956643552,106.05160116964115,0.43142752073607726,0.46532426412119604,105.83098991479527,2.0569528887304576,167.17382884272104,stop
163.8641236708233,0.48754559870852315,88.14149639447804,0.18439701270525277,1.838189261767337,8.447349405191868,2.654451375333763,2.673390027944734,77.96788170147717,114.32460273394044,0.3176509680499023,0.25225534375760017,113.34749615706806,1.8674091560794979,168.17762692181338,stop
134.332670867868,-0.34911654855530083,85.41804526251066,0.5828357518724342,1.8761200265668696,8.79956588521318,3.031308871047687,3.0949407569010114,85.58912531828373,68.08638765696276,0.6243595254615762,0.9745620425865115,67.06981932438315,2.0003540138580456,139.52506848722345,start_run
186.88693723616336,-0.501600384822688,114.60677257816619,0.37206412507500725,1.7150268698306212,7.353292910602548,2.7183807622899296,2.7468539743062803,95.66489781878624,125.6662918647285,0.39447786677357155,0.3890319684355692,115.85065055582086,1.913881141902363,195.2107981732293,stop
187.38483747839706,-0.9316942307507221,94.59392919361703,0.2966142773470311,1.4273037697883646,5.092990128130193,3.0495184711174756,3.0857565563222416,99.55234020424079,136.64518194827974,0.4715194791299996,0.5558265479975655,93.65908258773821,1.7548005654126333,194.6546567779463,stop
151.85306717258257,0.4450154706757654,120.75091986762176,0.4168557547208407,1.391929914083542,4.8436722143015425,2.6045408949811195,2.63793511340059,59.06397219971918,72.60952702896684,0.4184117456318972,0.4376709722068286,71.15404606122866,1.6329254657788648,160.7575073999505,landing
154.9425588450851,0.7276164868433406,104.91080741824857,-0.4474963292139018,1.3077109469731714,4.275269802083671,2.4491295112961167,2.528429790496981,103.21759339045175,68.42571287804451,0.628268925199273,0.9868046059276244,50.413585716811305,1.3565856847584612,164.9115474460946,landing
194.64594775129208,-0.250723292589052,138.41275974533647,-0.5608543935019157,1.4639136650469924,5.357608046778296,2.839515706463996,2.861584699004676,105.37937530089447,82.7891745691243,0.35470768573849143,0.31454385580489086,80.52766776253728,1.5639811258929062,199.6374549353426,sprint_mid
177.3938310677541,-0.7911502968691462,67.40246186365617,-0.036352906679233785,1.2655337566029023,4.003939222753635,3.0567431388042445,3.183514578019168,112.75940255206794,121.93885498625464,0.8894304086513679,1.9777161295843482,45.19558212846622,1.5444896182505912,179.74892032111325,stop
202.23260466082561,-0.86705376524087,113.27650444464201,0.9367023875959029,2.008875195571696,10.088948878458055,2.7577359077876196,2.855213945819941,68.32914303294751,117.86899778446417,0.7396886772848903,1.3678483482586767,117.73994223213943,2.0450489836889156,204.34574310378127,sprint_mid
178.84637199784362,0.12937706117100556,83.21977445575283,-0.8081708953316195,1.616300798749949,6.531070680099306,2.8827840235586075,3.0443755059977695,111.72011406131462,98.68152228265558,0.9786615835080172,2.3944462375860494,98.33048762344333,1.7990270159790525,180.58715571214086,start_run
198.00069287265563,0.4425708059432236,106.86038695417243,-0.36916408920430793,1.228611617914318,3.7737162691850967,3.0241762792711833,3.1395443624171797,114.91106550282512,123.5579783955522,0.8432654596738791,1.7777415886974972,115.74001064792992,1.288455736450813,199.98694656439233,start_run
175.89987038528244,0.13217514861529284,110.12140044942068,0.15334503946312164,1.4353386083598454,5.150492301620942,3.1492827946723803,3.2302763685175826,80.29509918220684,119.1516213636784,0.7188207677743172,1.2917582404591474,118.4997153945305,1.520474567743208,184.6015104616894,accel
146.335147032752,-0.6773380224465534,108.92217523563073,-0.380296161635967,1.2225503188626796,3.736573205378099,2.830777907933011,2.91433813135376,78.22728072233062,61.38172075675704,0.6928659176355356,1.2001579495523322,61.32119514332315,1.3286530906132419,153.88774653640505,jump_takeoff
139.42796759199817,-0.7311264133737648,93.30344093852455,0.1463968962616275,1.3163321174431932,4.331825608531202,3.0139042192126166,3.1247436493348175,91.88892548242958,54.931011536701014,0.8248661900397309,1.7010105786766534,52.817620090439156,1.5103170052480541,142.18551354637387,jump_takeoff
185.05405025237548,-0.09936933357378525,112.1161148574733,-0.7712327488884768,1.6673283710518778,6.9499597422862704,2.9473080295495877,3.057768631781233,106.81695673859682,102.92414730761804,0.8144472877097694,1.6583109611444997,92.076079222365,1.7109248011005795,186.16052566955585,stop
133.28582436244855,0.1315096944737964,94.6380104832529,0.46047042648680553,1.943701185886065,9.44493575003724,3.0250129640109047,3.113814973623122,76.6437234715263,83.81332049903695,0.738336141283578,1.3628506438138095,82.54970539043748,1.9503300960749652,147.93308185854096,start_run
179.605861410684,-0.4699437360019743,95.0720620450215,0.25890639342110744,1.8495714386508257,8.552286266682211,3.2200849766788027,3.2553539344899667,116.56969746303334,97.85682980346641,0.47789327445234786,0.5709549544169676,97.07641356846038,1.852693869608592,182.62981226207114,start_run
179.9809481645122,0.15169774322058707,95.7622073597228,0.30513519388290145,0.620376977073719,0.9621689842078143,2.9410883219498616,2.99291361959003,107.14307391384658,111.7616032951659,0.5545551521874491,0.7688285420441122,79.9454432506806,1.8319529634410288,183.0595174773494,stop
178.56999899163566,-0.005211077687321269,92.5736439781295,0.02138872161054903,0.6341742749074588,1.0054425273860033,3.17954714839883,3.225500861102317,72.08995467958168,120.2997021292614,0.5425271754305502,0.7358393402016276,118.05539780923179,2.156141797611823,179.25354799104076,stop
171.4682416435692,0.15116805052627397,94.81753498561432,-0.6683163333752764,2.5076781715706473,15.721124530429757,3.5077313244253716,3.567206323209118,46.8988609820228,86.42722222882321,0.6486770444436442,1.0519547699703535,73.42420358199386,2.5201252866489674,176.4699525408271,jump_takeoff
184.9678318536256,0.21852428815226566,130.53913824524383,-0.18310419933379538,2.348879854594325,13.793091428297632,3.148281252446306,3.3350778734298756,112.9363303984205,79.30806195351911,1.10048606412651,3.027673943341642,78.60707397095918,2.533762471706702,190.40760979515525,jump_takeoff
186.6063247116976,0.117691780414053,121.78781677817038,0.5384037420295971,1.48505553200563,5.513474832851311,2.580566341510308,2.741024070928653,80.81875616924876,98.81510231974684,0.924061856411351,2.1347257861859807,95.87565779418159,1.8168358582633553,193.96559848536123,jump_takeoff
184.27065727115163,0.4091290012264071,96.24361932777055,-0.2018439341128443,1.8201485265777002,8.282351647007435,3.640317749046423,3.7578041709212386,116.17143506228183,113.78847242458279,0.9322976311085646,2.1729471824266025,110.20630945924475,1.9062661031627406,190.9425841314465,stop
158.67298526009606,-0.24713936416055457,113.9464607661349,0.751159355795949,1.7727259582694237,7.856393307805618,3.493718993822841,3.5729689152189117,82.38303779587147,77.10374826016414,0.7483545024399352,1.4000861533053068,77.10210025307043,1.9514127179650975,160.8078933743457,stop
190.75481897171852,0.4789533038002113,90.46647461526344,-0.10392140718086104,1.6161824373191227,6.530114176746953,2.900069320882582,3.0411260762148316,113.91601707875023,123.74306738108788,0.9154483849510355,2.0951143637736487,123.47105398102775,1.6368907119901022,198.13424310172488,start_run
157.2576754049588,-0.3733683117447825,107.60365024077497,0.7872430959971316,2.170968505244599,11.782760626909921,3.2111197478284543,3.2877448583464988,71.12101497562968,85.42038129846628,0.7056743007152542,1.2449405467249073,76.51053239557103,2.173443059403204,164.03293303193834,accel
180.52574956737513,0.6206458445917586,106.84548146956935,0.9070470588751797,1.1435329047642404,3.269168760696354,3.1591072679290866,3.2717466841296625,114.44749032110026,90.89242622721869,0.851097899674924,1.810919087077668,77.84292592587495,2.104835038118834,181.0469701761173,accel
193.2762351557027,0.19763277126465972,127.26785566433308,-0.8094549775631134,1.2589440414784998,3.9623502489355467,2.8641161143976737,2.9084338378706334,78.73145968815182,111.63685475156659,0.5057927169488227,0.6395656812961795,111.63006516434308,1.64490081841813,194.1079922283241,stop
190.7991497583987,0.31041680484785283,136.34025979270203,-0.2740720469344269,1.8586336784303157,8.636297876488513,3.2355777304579285,3.281093765170546,66.25108158401507,93.13452811839355,0.5446219294205389,0.7415326150143761,92.55665197260717,1.864058310051144,191.61108291319263,stop
166.0722823194439,0.37256467211701255,40.35199181323869,-0.30342107416267755,1.0569808984959166,2.7930215494630866,2.6198045053599386,2.646759542643152,107.657630682116,120.84274581227702,0.37677636638774925,0.3549010756708887,109.48393285275499,1.8699136350331025,166.79753585244853,accel
138.8173115379096,0.6487683143812113,44.280880660069,0.2313232090070116,1.4842337802224637,5.507374785883661,2.5683166368819945,2.6009137105304205,79.49943949185267,78.73846284470758,0.41048968603398595,0.4212544558507008,70.07262477889473,1.5370147938197545,140.4568466866223,accel
145.87999263366993,0.7715985718083489,53.98115723244016,0.01430301269315805,1.6286813834150915,6.63150762170724,2.4477990951569213,2.640534371913299,101.5527165980763,110.84276763549916,0.9903036700954501,2.451753397511294,84.53856735110396,1.6652887435540857,159.72962661852478,start_run
163.35310660014494,0.4217509573245178,67.84296233931258,0.7895078871963823,1.7110756473078002,7.319449677024517,2.180951137714016,2.3210840443528737,119.86631158951859,107.54145867897228,0.7942816099176869,1.5772081896335812,98.55675630001465,1.8537785939061755,180.24494365608814,start_run
148.4330829996242,-0.18531083580259416,96.63290696126782,0.19511404235735633,2.022561119753835,10.22688370784972,3.040946914431183,3.1899546728244768,87.13735655505653,95.11736273822292,0.9635624931918956,2.3211316957154544,90.77141045325892,2.455135597777929,164.84203818350306,jump_takeoff
151.063258319917,-0.28241257728342506,88.20916017830373,-0.2086849040198791,2.055984081047159,10.567676353798326,3.0644030825280515,3.2019332045178253,78.89921413972412,102.80013067889475,0.9283372199725506,2.154524984965909,95.54197591876489,2.1458546252330954,159.71237486525268,jump_takeoff
177.41166999891706,0.24095444732027774,74.13763882673334,-0.7982277151535635,1.3142246441228536,4.317966038049602,2.537248353034573,2.598199371212837,121.14556644550308,92.94692220385026,0.5594736522787519,0.7825269189853148,92.69703043756466,1.3194536605865632,177.69775906977213,sprint_mid
195.6310667159986,0.3968445888332615,119.87475233195805,0.5728702390665458,1.9189050775289322,9.205491741415793,3.069531969359193,3.1208613990116296,110.41866571867128,91.77069011255927,0.5636926120880957,0.7943734023067508,78.09681416952681,2.1691393291863763,196.46454564584096,stop
162.8016209640502,-0.9307656546532945,115.08174124950662,-0.4457435000082772,1.7095744441954046,7.306611950615066,2.8973494616520896,2.9642873450924547,98.81131316776607,56.94777066401701,0.626390901386364,0.980913903349054,56.37554772416601,1.7197330957605188,163.65840466802638,landing
186.19547002792268,-0.04806838857645651,115.13873731834667,-0.9346516014202739,1.572998925732094,6.185814050885805,2.8311925932194506,2.8910309118319795,57.848845541189164,115.7400175152498,0.5851565886729534,0.8560205831684197,111.48166579132814,1.8479501623023142,188.32397987544635,sprint_mid
194.52277923294966,-0.9593267265664426,105.8523245268171,0.5624585554058581,1.8590625184604312,8.640283618861105,2.929269017244162,2.964702777097639,101.63864080016315,115.42445040566551,0.45699625944188116,0.5221139528596781,115.29427809868415,1.8934928875996344,196.14645184003675,start_run
195.36903633067112,-0.5323891221187393,133.1259869408808,0.3080667719693077,1.9505918628052836,9.512021538105467,2.8970055804070602,2.9220768842950853,92.41622421315047,112.89916131898991,0.3819580930181058,0.3647299620550699,112.89427523792888,2.0605286178203204,199.85934441677105,start_run
187.89061879343228,0.6167105598635874,108.56264168145157,-0.7799558601688232,2.1170364377589244,11.204608196997494,3.125250812398029,3.189368949157611,119.78952671434058,103.74020189442895,0.636303114447967,1.012204133640457,103.72371377618364,2.1408237048052015,199.23557123730527,sprint_mid
156.96665072549123,0.07592633638238283,107.46293293404634,-0.03283788469679466,1.8050374353982694,8.145400357972903,2.811087332891134,2.8490738455245603,70.68266995001176,70.38576252308074,0.463691475133108,0.5375244602777942,61.58222907012022,1.8769378904564062,170.7390434461709,sprint_mid
136.76717244818565,0.06496692250324163,100.65359612401484,0.49949454590995196,1.6899018058820001,7.1394202838081116,2.8290402053735426,2.8961195772982378,51.52121264367925,65.74869013112614,0.6197097081619309,0.9601003059753641,24.59610678560175,1.735694677688816,144.70503650607267,stop
157.84958073643568,0.45588828412528754,93.29922796834924,-0.48477458929807643,0.5317231402100145,0.7068237445869969,2.876434384220756,3.0668232503943407,71.51482768663261,80.91968184384514,1.063734028050184,2.8288252060796744,80.65027754658007,0.6156252733858961,159.8090891227705,landing
172.82624582511306,0.1323066992769076,126.05033686273049,-0.6594516052241702,1.9433772894612953,9.441788222984826,2.769064611498559,2.898387770615736,91.68031636330696,83.74293732844663,0.8561149725365121,1.8323321155029817,82.6436849622673,1.9513009551593903,177.83322961157327,start_run
168.83898258595084,-0.5003017087037953,126.80325700370445,-0.07853390974571818,1.8211423688251671,8.291398818825352,3.2787757419469314,3.332239717023894,69.48189703226677,97.37348574929507,0.5945175907673638,0.8836279143295764,70.25722530209283,1.861329434013831,174.74948806364253,start_run
139.8082780034933,-0.4171522304963087,99.68919436780762,-0.6341171496056599,1.0052096037867708,2.5261158688628917,2.7805194103333712,2.8371491955246504,62.18856591564679,77.51101832307799,0.5640278064293739,0.7953184160638282,74.89856072467441,1.5491883209049482,146.0057405747233,stop
163.7722146111042,-0.511167082529267,131.98714433747384,-0.7326081957872203,0.9082128209226619,2.062126320220748,2.566663104037756,2.644361258847133,73.67932423359746,69.06789914301574,0.6363072981373603,1.0122174441571694,67.87039178643586,1.801176425481315,166.76557083429012,stop
185.35207018089457,0.6436238558048081,91.00126979536378,0.836735356366757,1.8908403672333045,8.938193235897444,2.9184590932729337,3.1230263277771533,113.78079563565564,104.76181988899476,1.1117058805645395,3.0897249122044435,96.86303318031054,1.901123997016562,187.50595217776012,accel
192.38726983025327,0.6265422772327331,98.0257736948084,-0.09287619001681804,1.735287133768428,7.528053591555614,3.014598180610233,3.0739249791315637,107.41709360122056,130.71524225379457,0.6010096395154241,0.9030314669761499,48.3961968509951,2.0051011799184315,196.3742220137356,accel
178.51672914121622,-0.48084332883970843,99.98331412708184,-0.05272244195927891,1.6124006678523128,6.499589784226464,3.2919471043040573,3.334024884153564,78.53776015192406,128.5630267255539,0.5280210134259035,0.6970154765482951,128.0837199019918,1.6315987823561884,182.35358980934683,stop
173.26984260147498,-0.6837403895834245,68.7357920218013,-0.40591955983582173,1.4084746039017983,4.959501774590818,2.910222871668483,2.9712941698221376,112.85948265499913,111.62260920340782,0.5993261890128571,0.897979702091687,103.11232638509375,1.4564742879321253,176.98861851897743,stop
177.74501813942612,0.030494831669333762,111.17320341070528,-0.5551746558631919,1.242114240351122,3.857119465207613,2.4693192723092823,2.5636154631027206,95.57208448487066,93.99179746878646,0.6889024416137115,1.1864664351533332,90.36563325433782,1.324124501231266,178.9161671972813,jump_takeoff
198.3957428570076,0.568136996386701,91.7598888120472,0.48450774967502264,1.9868472802812203,9.868905287902205,3.2140484064791472,3.29419393590383,111.19042366009934,133.63446295061325,0.7222233229094868,1.3040163203860518,132.7732929519339,2.080383615479885,201.4225226092358,stop
161.14428252838962,-0.1039617782456337,127.56978985140464,0.2207225943428383,0.89495873185202,2.002377829295439,2.782337833242527,2.875927895239119,68.04985859070298,79.16209269485937,0.7277069742154386,1.3238936008044724,78.21579395616308,1.455902236991759,165.0071832361189,start_run
172.37026555351594,0.7541717669167401,121.80692969834551,0.6272617184038614,1.0755873525049229,2.892220382171373,2.9475426267874694,2.984759988338227,73.1473738509578,109.04232126399171,0.46987727254639455,0.5519616281390969,103.43815653256247,1.1799838152650022,181.91116780397468,start_run
185.94931682506618,0.029891051464436835,102.71148136466469,-0.4825209700770812,1.6894326429404267,7.1354566375816875,2.7811709042465425,2.821634395199689,89.87759297819053,119.24212317413165,0.4761397500171388,0.5667726538659585,105.3383401723424,1.691827107161167,196.09538558826318,sprint_mid
187.54452095859523,-0.4681689826165667,131.63435225424877,-0.47208887607488176,2.0955105668320657,10.977911339262114,2.7486969826318046,2.840066714723429,115.59049621797094,83.95104241538358,0.7145934800645372,1.276609604376865,80.84889021536614,2.101230482992188,194.26169001694961,sprint_mid
207.45770494394938,0.6898845328758276,89.96316309122766,-0.9672604867021098,1.4073313944986094,4.951454134853502,2.704297703375341,2.9264267749099884,15.248062796824327,114.12032021980477,1.118368275850551,3.126869001072336,114.03937822171225,1.429905541184212,209.8466746538239,jump_takeoff
182.14215267412504,-0.6356478952073373,114.36533580784132,-0.5254112029963411,1.0502828285409194,2.7577350498197855,3.054726468518786,3.2013771374005033,80.01349725082534,88.61647614229393,0.9578422513135374,2.2936544460034654,87.7683211972083,1.7015801584466168,186.56823055655352,jump_takeoff
164.07460941204062,0.6812345267376212,78.42992883180275,0.5095620657820353,1.884647053276104,8.879736288555755,3.0066153526042845,3.0763370828406904,100.66690406840816,109.62413639321257,0.6512403310184203,1.0602849218624544,108.73310286444396,1.8903932064016165,168.25075794613713,start_run
195.53141735677892,0.33141222576079976,87.81228614194227,0.42705570385944586,1.670065267806397,6.972794996833128,3.3180144302447245,3.358823971662676,127.22882283151391,128.9484051973105,0.5219949360900082,0.6811967832590293,63.52414948716182,1.8360355340882806,205.91519311086918,start_run
184.09114043748104,-0.5925107244348545,83.2065745566855,0.4585282498618795,1.662277461645699,6.907915898738172,3.3857636164359293,3.4153528691679043,96.31527780298755,123.62441131431802,0.4485977647649774,0.5030998863803351,84.11552445303838,1.8719080447654637,196.49805970689707,jump_takeoff
188.29058095145237,-0.3253151247864535,80.40706754908022,0.4733321852286179,1.8969337090545724,8.995893741368846,3.029661260575224,3.141455951560721,65.12289314274192,120.80304794194045,0.8306010725769727,1.724745354415043,120.56303823965969,2.0918987501786654,193.8770010680814,jump_takeoff
202.85294160669466,0.06887700937094948,131.62384237066792,-0.9797933120285062,1.6174856873506134,6.540649871960215,2.7039573980611022,2.8382188200531235,93.79979469005552,131.07835239154429,0.8626125781452417,1.8602511499359515,120.26438109917257,1.6360340745357587,208.22951051169338,stop
168.04242466465635,0.4709502452776402,121.91754456954486,-0.5406515807787359,0.87862550348671,1.9299569384431874,2.6204724062832425,2.702482801463797,79.50289822386388,87.96452289849552,0.6607099667143849,1.0913441502893089,87.8734021805305,1.6097574187520445,174.51854263411062,start_run
160.3420360981564,0.6486955043069412,101.87224941451976,0.1575788417856076,1.7375707913999825,7.547880637815905,3.0665848761441614,3.1003723340220213,74.44134472709084,101.39551585319678,0.45647103629151875,0.5209145174326325,101.31627662344196,1.7890502776989574,167.1392220448665,accel
172.24260977675635,0.9246572495772056,101.2819222573229,0.1242042689304199,1.2607605244739186,3.973792750179377,2.955193365268257,2.9944317980990207,73.40234152837114,93.68544704929178,0.48317074346550065,0.5836349183525118,89.81782464398,1.7308103506100834,177.66423333412143,accel
190.7923964691394,0.7436746382566922,115.33100966683374,0.13112297392111225,1.3580183132720376,4.610534347955574,2.8064334844205057,2.85614025338266,144.2511282372282,61.554615008705454,0.5305358088914889,0.7036706112903661,58.05356048457679,1.4758550396863104,196.32805516268863,accel
160.57561008071903,0.7049277845406346,120.09993772886328,-0.06234195661142633,1.1168624902550555,3.1184545553468097,2.857996999253797,2.933027288032879,106.95868351511213,51.24094593414401,0.6591678273412602,1.0862555615044935,47.24766866260658,1.416857082064749,170.33104795223554,jump_takeoff
141.70272365540382,0.6992470196799584,118.81561596444067,-0.4832247439667499,1.9238351806260772,9.252854505536428,3.475809296011252,3.553876557634471,70.854186653616,59.294711496693566,0.740802486946151,1.3719708116640053,59.26073880642305,2.016317335816686,151.5463358578235,jump_takeoff
170.599522628646,-0.771862902327379,106.93372500179444,0.020150813613085742,1.4288162576132637,5.10378974504993,2.9147344673304665,3.157287793293486,83.13619731116208,98.80762676705376,1.2135852646748122,3.681972986589585,91.585174386647,1.9648169030063471,173.66056171564043,start_run
196.77593867340386,0.4630045740662389,119.00633175733324,-0.11004993463218336,1.5447734337467849,5.965812404024581,3.319494498161115,3.4321539151973055,110.55380099833961,114.69980986234282,0.8721449273385011,1.9015919357056983,90.77581668404729,1.9481319717616035,199.93572689834633,landing
170.08705242903017,0.11875057562768888,109.03182534859663,0.5745110375670323,0.49656976719521206,0.6164538342307682,2.8502483732514103,2.906251205778033,60.891629907216874,66.48600688314956,0.5677854188546583,0.8059507046598995,65.83579679422252,0.932347256264491,171.35315422547222,start_run
159.92464198113132,0.6540427092518838,70.89845066331229,0.40455857535028583,1.8408751394907776,8.472053197987972,2.700921844503571,2.7584695730210353,86.28560160444462,89.3634764631399,0.560513670811229,0.7854389379156971,47.40667937782015,1.8456341499228583,163.61596855375578,accel
152.2642706204456,-0.4003713254890838,67.3911990288079,-0.10319081840072629,1.0642549439021398,2.8315964640503664,2.7308321544401464,2.847499703010349,131.37627322235647,50.26998658847553,0.8067281468498642,1.6270257572995397,49.36973190615881,1.6395423094081134,158.5368258579308,landing
155.23832369404218,-0.14968842863911214,80.23090333200486,0.3867071181701052,1.640439364338856,6.727603270181173,3.2834470322037568,3.2951038850178174,115.09676987884389,79.73702218355578,0.27692092693015596,0.19171299942964196,60.42974890360056,1.9134536534559021,163.71541105715292,accel
165.4154486261679,-0.43484693678483105,89.89438253074034,0.6305488134083991,1.7259768721342588,7.447490407855898,3.1798265131844006,3.202256431502994,85.19406265185572,114.81533852193311,0.37835115851788764,0.3578739978795693,114.73997912226875,1.7543159237909614,170.66040556590224,jump_takeoff
185.59048944707905,-0.3850177413400592,54.106186584373724,0.3967649761420491,1.4325185813322183,5.130273714655178,3.244650083093324,3.2593685107217403,134.06406349471644,114.91761429335367,0.30940091623481814,0.23932231741736243,113.4742838689629,1.6652814031565242,190.03673857333658,stop
179.66768916435018,0.44367470886549226,61.71310238400011,-0.0744123340973141,1.2137232402410032,3.6828102597528,3.0446256287639466,3.05122851556816,140.023976127477,90.4731326591565,0.20062461187506148,0.10062558722504762,88.61391042663499,1.215986887750753,182.02133301845984,stop
160.88668979165382,0.10152834808911256,108.42968411258197,-0.376013675862374,1.729889728967024,7.481296185964008,3.12567254931265,3.151779230946958,75.7294802289449,93.0344930262063,0.4048251907946888,0.40970858775489055,93.0330994842099,1.7335790039919172,162.52755390255228,stop
154.82234346320826,0.6856822910336783,101.47962550938745,-0.5278449597790428,1.4382020059556975,5.171062524837481,2.8911082228012153,2.9740755000490053,86.53574144373464,88.19730352446429,0.69758033518939,1.2165458101073539,86.50904699224466,1.4975824202035235,162.01401587712726,start_run
162.63655459622,-0.8099279485646889,101.69985422798379,0.10950330594507404,1.9717745225510228,9.719736919453286,3.3462251891964874,3.4219995293259626,120.68911027954097,74.75155042329492,0.7161408813173843,1.2821444047350994,49.45115359772767,2.1286615588903333,177.89993621848572,stop
200.05442693433508,-0.49250234487988187,133.07458425809304,-0.4123612226445859,1.608872696620832,6.4711783848299715,2.7417002092826044,2.899385781327077,107.20345487243164,125.65948688570961,0.9431425509334966,2.223794678453358,120.09012876767385,1.7039477390768092,214.0497440272522,stop
183.72408628483916,-0.6849011813879182,124.62660083833002,-0.9371985798418963,2.097643585507542,11.000271529552345,3.0312735945642677,3.1632591136720762,76.42330127266118,115.47728151897856,0.904206068950475,2.0439715378171774,105.97210053924407,2.1823633063882357,186.4954295116435,sprint_mid
185.56225448793845,-0.3606534365163332,75.91374075343367,-0.03671923303727065,1.6831114368619708,7.082160272238918,2.6156514404528117,2.69372443211178,127.39891801422797,110.91944019779326,0.6438313895835323,1.0362971455326555,106.70861369232827,1.7258920370264483,187.92892550537474,accel
186.75568923708016,-0.20377780888696317,118.65035291403194,0.3663847791091826,1.481604308320844,5.487878316087216,2.746499252381709,2.7910418504243704,91.32550015669725,89.8956293732449,0.4966452128904588,0.616641168717523,61.87265979345283,1.6383544021719567,189.5969134713837,stop
215.46570765588768,0.7523199377840158,130.66329413192847,0.23516478831773613,1.6701257449172648,6.973300009588622,3.385672461642597,3.4406538955905823,114.61394777479927,129.77194468208486,0.6126346478265878,0.938303029294018,126.82519135250581,1.7841788774037346,218.01179638397227,jump_takeoff
183.15533269676078,0.17462168512713971,100.23543019806606,0.5436716718408721,2.1210982700890595,11.247644678436998,3.204990107513338,3.4526522977866776,91.32704145445724,133.68066653534345,1.284074102282757,4.122115750383169,129.95934450174045,2.1281694680359946,191.05653907212223,jump_takeoff
168.0247129763224,0.18993877760290986,118.3271871512861,-0.43111907832914115,1.1128926821237537,3.0963253048115056,3.086316820091567,3.108681763538151,67.02320295166153,99.86215625388542,0.372224116594487,0.34637698243636567,99.84236382652693,1.4607061628170135,171.67105579878415,start_run
171.78549936421314,0.8496585025657062,87.66712962470733,0.4561048946901252,1.2181228143606586,3.709557977164829,2.867719879966617,2.9739605198646033,100.67893590170073,109.10281665383496,0.7877968416778481,1.5515596593939818,91.49629225481168,1.225279496989101,176.9665830038132,start_run
182.3709410142839,0.4673593917645723,108.30449011846605,0.7168575018317901,1.4480160417908372,5.241876143209009,2.3645027162958376,2.5833333446177633,115.49331030157687,96.34327473103704,1.0405470071282723,2.706845185109012,71.9372679448176,1.4533186414453172,186.51758678855398,stop
189.3756376088483,0.3101132306670602,120.86680178677939,0.08393735564678084,1.8135635752438075,8.222532103627756,2.702068295049823,2.8779414771812615,97.48494290397105,117.64841543473858,0.990643263221834,2.453435187417011,72.90160364214546,1.9508844685418012,195.36218121810833,stop
153.03674530750726,0.2070664387856079,122.77597276846853,-0.6227527206601483,0.48860260589745114,0.5968312662244502,3.2770152923387896,3.31997996060112,73.80887588104531,62.94175545586307,0.5323886856148758,0.7085942814268378,62.5990523989417,2.290122863191401,159.23940229880932,sprint_mid
188.06738157268535,-0.3826460348372029,128.10528054868632,0.025095491745339937,0.8735500930591399,1.9077244127090793,2.7595697455500963,2.821410456671536,120.90257450739931,67.64860482506207,0.5874791778948951,0.8628294611501547,67.5279666015168,1.6729522452672307,188.6925685519704,sprint_mid
193.84565130322716,0.48844700915043,82.82672643869047,-0.3716444774471901,1.1598350540818267,3.363043381692486,2.7716180082024247,2.8200452617852734,148.09927790611863,106.03414889997988,0.5203738032660714,0.6769722378139897,47.91415968341993,1.281692642018552,200.1681031966151,accel
199.20308308341728,0.06464972468228451,91.57388986407064,-0.7691500995077265,1.4676271949130806,5.3848239581210935,2.774535425401516,2.790236822918231,134.91607146177435,124.48190539422785,0.29559211958516857,0.21843675290213144,96.7632631549341,1.4907087190342323,205.4501921387329,accel
199.25024122149853,-0.35428906739460436,131.14902920107295,-0.16815123029263504,1.3692722838558775,4.687266468339729,2.560072540679762,2.6183401791954535,127.70172606344428,77.36028533770065,0.5493030861434764,0.7543347011168687,77.33329921919402,1.6641789546806791,203.2755629157229,stop
214.5291434673858,0.5053702786325218,131.89413455394958,0.5776934947119086,1.220638931937421,3.7248985054033183,2.1851113950493266,2.2704005567999026,150.52080629338357,84.31310748451385,0.6164469803177673,0.9500171988572343,73.10607440713443,1.3156655527689365,217.50311010429576,start_run
175.644934197464,0.2624022278319133,110.69239307584375,0.2335394475851149,1.535523226494971,5.894578947763817,2.6167030025177893,2.6967414724157663,118.85264086186164,68.56421876631252,0.6521349290304426,1.0631999141538508,63.643556135201216,1.6509291832214954,185.4021577827278,start_run
183.89988311232395,-0.519553060810534,120.7248952942449,0.3771827410476038,1.749030902832115,7.647772747654308,2.2846294084801633,2.5688193801673016,93.15128216345417,109.9475273688356,1.1744366623324978,3.4482536845767435,42.49349284974297,1.8131413546181294,187.9920711994442,accel
198.24088632652445,0.7588578810723609,124.082281884195,0.050540881130585975,1.7940150803994908,8.046225271751979,2.3438777284329726,2.477390791761797,72.35694566808836,130.59414181044463,0.8023106189388465,1.6092558231550875,50.84041005849398,1.8319739119542642,200.28892265112663,accel
173.0992661422585,-0.3743775870586843,109.45376769245753,0.4989007596980381,2.047846349823754,10.484186681216174,3.2339159572475955,3.4240794909684342,77.2334866592874,102.76724574374973,1.1252146203858253,3.165269854825043,89.64231811284847,2.134848273545065,173.7853129014543,jump_takeoff
178.76034531701538,-0.6152985268392871,98.31532372114924,0.535335491007517,2.0680832542931364,10.692420866719223,3.2556042990905576,3.3937484906616318,93.24652130983947,114.23028359569071,0.9584202969528481,2.2964236640279636,92.17257559408463,2.208034935925987,180.02682937077165,jump_takeoff
140.94826296791967,0.17056289045121414,67.50973266647752,-0.7146850174023684,2.3511911054012233,13.820249035294566,2.942444665786402,3.0646928110289378,73.38808234571286,101.93319719367788,0.8569488985684034,1.835903536893999,69.02768845812267,2.4189942437785743,147.8625988012449,accel
214.41732260000526,-0.18285690091121753,132.5490792161825,-0.4106805878389682,2.077073714522273,10.785588038898378,3.616393148948659,3.6864583448298722,126.51122432507877,110.99242267434343,0.7153151196521716,1.2791893010075017,109.63587295119936,2.191630820762877,219.8647354999471,sprint_mid
207.72774172821337,-0.24320802309734588,140.5631075192914,-0.4861647328759992,1.9624834978113028,9.628353697954214,3.084006611995209,3.111087573685393,140.03112436331864,77.52563610091511,0.4095962747749267,0.4194227707737431,75.75061043297856,2.0316489983185693,213.78790728213414,sprint_mid
182.17161397893133,-0.4765459068953012,95.49769882741052,0.2688667150826838,1.612358433084604,6.499249291847596,2.1012576037098687,2.258675892891261,99.96694810038284,91.88548720985445,0.828452335369753,1.7158331799489943,57.288075475070066,1.6631291270917405,192.22955417444754,sprint_mid
166.6815706483235,-0.3163207273248626,76.5763438793752,0.7328510631467643,1.0147557647378547,2.5743231551717716,1.714009739849082,1.7750678989317337,106.38045940470028,113.36989191545376,0.4615589426285683,0.532591643801005,97.1667719748524,1.161324900671933,173.75344639434556,jump_takeoff
165.83034149461085,0.41975907136329854,76.38222519487984,-0.36400930264258113,1.1983267668031323,3.5899676000921206,2.816109810038138,2.9558296404244118,49.35401349269045,131.5741840778187,0.8980280624894009,2.016136002546168,131.14481381887276,1.3736852529058678,171.35345133852834,jump_takeoff
171.59900697728168,0.44584790404662306,75.27837975886673,0.13867560806653692,1.7624432571594073,7.765515586766649,3.1773812211540062,3.232422344373907,83.90392116638235,128.03386282553947,0.5939720429999923,0.8820069696639619,115.26762600570301,1.7624723649994656,172.96535878497707,jump_takeoff
157.00760145850728,0.32872209954837234,80.83284023208377,0.20692344907895074,1.5754544547433929,6.205141847427005,2.7829376935436807,2.8672742180988533,81.02595270968273,110.28939122570245,0.6903037270855272,1.1912980890704252,99.26809815197765,1.5770130746988293,159.85236753407662,jump_takeoff
158.79707444409482,0.3815936094505706,106.03512402038137,0.09606107213553408,0.9052747887777209,2.0488061079913678,2.66537128656391,2.777863041707204,98.5310006291969,60.41084325744523,0.7825081362154944,1.5307974581086174,48.97332361774624,1.2410304992705583,161.62944747263322,start_run
143.75467421374782,-0.15107877676115955,59.96113721385858,-0.5532852542155777,0.8086334493257192,1.6347201384210266,2.981929285750933,3.1020825212174623,71.33055576412012,112.13652628618165,0.8549933936726164,1.8275342580595442,104.41103535124525,1.9332916583085054,145.85156463688037,jump_takeoff
179.11937792398902,0.8600148283099868,87.3996736679036,0.8587366138023165,1.676526367053875,7.026851648567162,2.808817757951661,2.96651335720704,111.90025711207724,115.37032254990858,0.9543292414587258,2.276860752757968,86.21790052438784,1.714076043524777,183.9369694026473,start_run
175.766832374436,-0.7772203879043188,88.25858213149836,-0.27764698990699127,1.603390381553854,6.4271517891485335,3.0016520225415495,3.2054037911478033,93.98591944748465,122.67467085457919,1.1245881912402138,3.161746499692339,120.2917105368626,1.6860541013428418,178.3742797786374,stop
170.42939197667752,0.3970919932922674,130.15995148328057,-0.29497113497463356,1.7891481885619787,8.002628101586527,2.989064126587172,3.049839952873306,67.84177678650612,87.89630126052919,0.6058212486302534,0.9175484632297988,87.0097432767196,1.7915872568117637,172.58756323191398,start_run
145.6578866359801,0.44466863511352117,90.47400812337546,-0.30387984508894034,1.954265925151778,9.547888265523335,3.120125574144738,3.1501877990577802,66.93098950418806,102.26720714739336,0.43416537275613376,0.47124892725118156,101.64020042018893,2.2089830947821714,152.34863782548192,sprint_mid
171.76978396764383,-0.33956128089086346,89.07351103486378,-0.10653906459194748,1.3962851467444897,4.874030527548202,2.978749812533957,3.1077877610287237,57.703768270429165,137.2812955158517,0.8862247581335357,1.963485804822109,115.75492137068993,2.0885064835850375,179.76992914747373,sprint_mid
206.26484122746714,-0.1159100014610393,131.1607861785305,-0.7880936629900738,1.3966418417520958,4.876521085331717,2.7342925450636835,2.865372615159482,58.35747599238518,141.91855216811499,0.8567406268615103,1.8350112542876338,141.13618595589585,1.4588855549980453,209.45004921253212,sprint_mid
202.58190562322105,0.38665855835302804,125.03016751566118,-0.2273921124033815,1.1699418290790862,3.4219097085722945,3.2056772320593367,3.254347436657652,98.08010026662632,133.31439913303714,0.560723392000565,0.7860268058415482,126.14066361717873,1.707940828601663,207.52619109757077,start_run
153.74588118882895,0.8592511560039208,88.18349629015324,0.04108430880428883,1.7260426713727424,7.448058258498882,2.299823372554599,2.417408032932831,95.41822898191612,100.643772531163,0.7447644276815119,1.386685131849425,99.48272527591402,1.7287335001770203,164.7555849670709,landing
173.8747316526055,-0.2411492261226268,53.6367614300443,-0.6002227283534272,1.6011601530840154,6.4092845895600705,2.489204603443088,2.644602703159519,114.23094142794987,125.76929709218888,0.8931874941782243,1.9944597493909384,89.94608180914447,1.6257814827467352,178.21987720011452,landing
172.7855165966566,0.02244684942212588,120.18526282437445,0.05838992435109675,2.097874230880668,11.002690721482889,3.151990978162895,3.2059074716078335,65.76081434279608,107.04340590465277,0.5854874807292166,0.8569889752266124,57.113646118286596,2.151266573587528,173.90456517747504,jump_takeoff
190.51712755516004,-0.28204917897255655,112.38739750683827,0.08984321040751088,0.9315522765198629,2.1694741097233474,2.1888074904435917,2.2838714616531015,114.54516908991786,101.95189330448291,0.652066425398135,1.0629765578287538,98.54705864263529,0.9647833363764774,193.7443028578064,start_run
206.22460313588326,-0.0041584539999593,106.88560320702378,0.052684468698244405,0.695764353915965,1.210220090450251,2.4815019338387345,2.629767093700062,33.477819309727145,120.42386244853512,0.870530366766313,1.8945577986557283,116.1692898523501,0.9652582213983293,207.72278022031844,landing
175.55464269590306,-0.8117976564384273,93.26940550832515,0.24281530603860565,0.8988962122411782,2.0200360009538434,2.688018140311017,2.907682731550448,107.60420657205609,90.7732898886877,1.108682706961543,3.072943361788937,88.82918517203397,1.5338026369505295,182.62502910159506,landing
179.73543442899376,-0.02093328782939637,92.13635887177924,-0.38454491129535484,1.89197776542234,8.948949662131279,3.243777054697781,3.299077451176869,109.5997816194602,111.55215409171251,0.6015167896907391,0.9045561206996322,60.26329732785185,2.020323960441474,182.05748858937216,landing
206.22858161968693,-0.12439779446183119,108.39106843269859,0.13450961158867425,1.8039681092375646,8.135752347865388,3.2705156843422336,3.30073718588466,110.12311908376884,130.8000436154057,0.4456378897190345,0.4964828218830858,130.70648447067407,1.8057713873869397,210.63464282382836,stop
222.91152923688287,0.5988819462352781,113.56505272728276,0.9103215750089106,1.2788941658325703,4.088925718501464,3.245232454128968,3.279392653109117,108.83219012594863,155.11223947222842,0.47210432314704864,0.5572062298353323,120.74338874210325,1.5591417615342862,224.89790660468046,stop
203.88754221711034,-0.2872018886001714,102.16402906663642,0.6415021997240352,0.9934515488440258,2.467364949751484,2.7658064300935585,2.873806455879748,122.62088790204722,126.2374445037988,0.7804347103436934,1.5226958427731117,122.15336011829595,1.1280063964631983,205.9346419210309,stop
203.82399444117462,0.37743301957535025,90.21982977164457,0.29188430662887876,1.3679752760349508,4.678390889607249,2.430279475780662,2.4961807571548102,161.90475312336073,83.27159520201154,0.569789471637756,0.8116501049730827,83.02360547848454,1.368198747270233,204.57291731559965,stop
205.66676114191608,-0.13392655099213424,152.26911757342046,-0.029462637021926287,1.615192924412193,6.52212045767803,2.805038733536594,2.8961972324401803,118.12169330408807,79.85262874068239,0.7209133876920165,1.2992902813839495,79.8397466882289,1.7714999837159002,209.32348062226018,sprint_mid
180.21756849697448,0.5269147117386123,137.33292030936377,0.705372609400483,1.0586980985705472,2.8021041597922305,2.8929790534047646,3.0135176581286762,105.3872110578224,55.766140221006644,0.8437777387526965,1.7799021810365343,55.3220108946266,1.5351692375234316,189.32062508727344,stop
166.87700016884892,0.5691957436683361,110.64764820404746,0.2271862960987519,1.6512880187450132,6.8168803021270765,3.1304873472852983,3.283894435965516,82.17252678329918,96.81071399720776,0.9919736060258509,2.460029087629826,95.05488082007268,1.6691155057745224,176.18091543940085,accel
208.35641278311383,0.4566071194081662,103.91258492815399,-0.9534556574401538,1.0117821395946893,2.5592577450070175,2.6881948170366377,2.775887869870886,123.2443270414203,136.15599866646815,0.6922153507064706,1.197905229384205,136.14248429456057,1.0252182868859645,214.96078691973725,start_run
205.11227875524327,-0.1323028815017431,86.23725351299677,-0.7438727925411182,1.3927267192257387,4.8492192861132235,2.834876821588451,2.900931092421261,121.95088994834902,139.2927156190123,0.6155279111437362,0.9471865234924278,106.32256730014706,1.3934350869360044,205.91890301347215,start_run
156.03740140624862,0.5932080123229729,127.65590715046228,0.6878438813434385,1.8151586567080964,8.237002372555853,3.313479836071483,3.399431726480735,81.23593520166075,67.18781206798849,0.7595968924051023,1.4424685973787212,57.623509363315925,2.076666239272432,168.3176225766717,landing
136.31721014687193,0.07246985743418355,80.78587802555008,-0.022257445244406013,1.9760357546749403,9.761793259384405,3.371790385391331,3.40946173165041,52.617840436730454,83.27491725584123,0.5054294179914633,0.6386472414279736,83.26724250656666,1.9766515210794915,145.41817526943638,accel
204.58721655979767,-0.9328638314989577,106.35185553579018,0.6595299318936678,0.9887003187880394,2.4438208009289264,2.576680071770465,2.699905800671016,103.30356312120976,143.1971425919682,0.8063567078148168,1.625527850594875,139.56355683075944,1.6537202426725042,208.17353705670106,accel
191.52494432412772,-0.8565046983256054,96.3161075121829,0.29512116642826547,1.2491227166152032,3.9007689029103636,2.8607884795548473,2.8765895172297906,129.0091524906689,101.57192580159638,0.3010922215577594,0.22664131470646715,91.44078032043436,1.6136287501129638,194.43357885095497,start_run
166.1395260272117,-0.31031192472281727,130.1876447264936,0.8105436361912256,0.7563927399048901,1.4303249424520659,3.7218465233983125,3.7335642596408105,53.032530756368786,94.5785344463612,0.29556815988046925,0.2184013428378165,88.59516551112641,2.451605538930639,174.57641529961333,sprint_mid
169.271642615085,-0.24311925977326493,126.9007073227347,-0.5537228362872066,2.0178927678602676,10.17972805645693,3.7452043517485714,3.8223243955036756,51.390347617586485,107.67328216443413,0.7639425031415007,1.4590203702652547,107.5571141882168,2.1676985746131114,180.2455387620661,sprint_mid
164.27998524977346,-0.10624917887912931,106.91098523406835,0.8317195601247643,1.8394345524384352,8.458798681760966,2.520388204195778,2.575027800359295,44.49784395568196,95.33860560099083,0.5276471100783283,0.6960286819350292,95.20965216302389,2.004770502715641,167.45086144932958,start_run
219.48984563412688,-0.3223404799945674,149.89512699575255,-0.07205286427923431,1.5877588644812075,6.302445529346635,3.080651686216299,3.274673775461812,109.60914079217818,114.53002581906658,1.110438437694766,3.082683809774981,99.53993091167021,1.815263199433599,220.02696885181228,start_run
195.6543238118328,0.001775818021816603,132.8618850051422,0.5199083858777606,1.3677795461523747,4.67705221718199,3.0003584347709245,3.0991752841339393,63.1822857513563,128.64314275694178,0.7763611947319693,1.5068417617141274,84.81939436771827,1.5421669501567197,202.3488528707833,start_run
156.25420232710331,0.05533085906508629,103.97996064337683,0.19423777022211466,1.671217133282446,6.982416766441993,3.133806158650481,3.2166196002623084,39.263349894463204,116.43433552922765,0.7251900528799112,1.314751531989921,105.6516414701654,1.7042125121731546,163.02807235695744,jump_takeoff
212.0416992511823,0.7298385874896608,112.22760690257192,0.3040706128367658,0.8943797873137631,1.9997880098885297,2.6849858345763438,2.764749047134513,106.43157293538559,149.959875839288,0.6593090032417069,1.0867209043889325,136.64298630649324,1.0227057513567304,218.60401979020918,accel
143.11449618814763,0.8452237326331504,69.33482384777065,0.6508806842670266,1.4627798216437053,5.349312016519976,2.3118046521928584,2.3772373129671744,63.6633289149043,107.27919244891267,0.553910184292408,0.7670412306571237,100.56661441904436,1.607175642987717,150.76140328094732,accel
167.40573562061815,0.7699150675051213,99.85410822205395,0.5461022565748773,1.7821640356728203,7.9402716251140815,2.5401381227045152,2.7427065121859915,68.38063679808349,116.05209820784403,1.0344744219025561,2.67534332392657,114.64468294209263,1.8494278764771648,177.82898823137984,accel
165.29960461225642,0.36839761410305133,105.9274468484746,0.7143296774822878,1.5493443544440237,6.001169821618923,3.3311505533766295,3.403123733822167,34.38277489920432,115.64971403344641,0.6961947561152005,1.2117178461057587,110.27695007141891,1.5543336816925433,170.8816367076225,jump_takeoff
195.15080058681502,0.16220957199741354,135.7759198535004,0.34623106884562393,0.8168312150367595,1.668033084646072,2.450377318812216,2.6284210836723854,92.1633298861747,110.97558548655624,0.9509197592563583,2.2606209713604257,110.90043938929941,0.9224362786576394,200.15063740324103,landing
181.0486716316587,0.5651210294470126,128.42718189267106,0.5616924452729398,1.4446835113480252,5.217776119902149,3.0593135280119004,3.1847879284631233,101.93776092491862,87.45982473441725,0.885141167615545,1.958687216519526,74.96854844856385,1.4743977749145105,186.2602229355583,landing
127.5873617842382,-0.44227176661530343,98.89836283322728,0.7923926106928051,1.7425027039808694,7.590789183451605,3.118055924283226,3.177201241769096,57.258633903539355,43.245560470993176,0.6101925792250847,0.9308374593534031,37.203479221179904,2.057647639936776,134.6375412869603,accel
137.65985239727607,-0.5111703956128731,98.93999840003634,-0.3373895775413279,1.948223835578225,9.488940283787823,2.9751510288932512,3.02644079450646,40.71602365016794,80.86156537879697,0.5548154989979294,0.7695505948208036,78.91543814036291,1.9542187508338829,141.1354683452986,accel
157.28854439969805,-0.15422879031649459,115.7264135985689,-0.8723083769829598,1.4645540074165413,5.362296101599627,2.829847432313977,2.863607362310906,52.3128503959114,108.66428706506323,0.43841833368053545,0.4805265882680433,107.44698493433337,1.514350055442696,168.7639492522071,jump_takeoff
175.118725585551,0.3226913215105478,109.19610500583768,-0.17013526914408766,0.8736177027798836,1.9080197265260026,2.680111855032016,2.744715628677121,102.66483300833796,103.20262989512014,0.5920002760314308,0.8761608170532256,60.167728184192505,1.0862411555903302,185.02924872936381,sprint_mid
227.01062135755015,-0.5692345447085339,126.73064782143503,-0.40438032967726034,1.6630721313130574,6.914522284875387,2.741738995542106,2.9244312732849584,140.31118280666576,129.6185383422419,1.017430858825724,2.587913881227125,128.5602590754939,1.6809533683984839,229.62903550766717,jump_takeoff
206.5924554869227,0.08536996540197532,123.90700360615305,-0.4421170140332247,0.8561588321131901,1.8325198645135543,2.3816235502130825,2.5303376052288837,124.71892932755858,118.63759387693003,0.854679859073486,1.826194153764685,114.65389257196259,1.2999781361040765,214.44012247264246,jump_takeoff
193.68734434193405,0.538327038882981,128.7558169146171,0.2583622108573493,1.7694997699029724,7.827823589216683,3.280087254778617,3.402891427912578,110.30024936949896,96.46694138321736,0.9059236563860009,2.0517441779994523,78.35230338392398,1.8538777363828918,196.06706513817733,jump_takeoff
170.52613404827702,0.6785478009959917,122.31248522743223,0.20757667452572173,1.834847434081924,8.416662765892557,3.105221697954306,3.2212885222823866,79.4563998834633,90.54282238580655,0.8569118684800763,1.8357448758550394,51.19706261423082,1.8863788329947229,187.10400395533787,start_run
182.10277619566307,0.9689915701982502,113.84645192844253,-0.22834683862621427,1.4376229225718191,5.166899168759847,3.364515120660773,3.3995650366333043,65.7797126000236,129.04944968660308,0.486909068661308,0.592701102861556,128.29392402128101,1.5488992715261996,198.73546076187512,start_run
206.23718399195377,-0.2765204112342131,132.8377350197957,0.2513512849937069,1.6345084383905,6.679044587924375,2.3728750945820174,2.513694178735704,116.21959987692006,89.54306552310697,0.8295313193135916,1.7203055243053693,66.21230903061135,1.6931166849817332,208.80905918912794,jump_takeoff
199.4790405090427,0.21315399932228554,142.29875470634894,-0.3203981301028836,1.789003141644476,8.00133060203451,2.9610649242845777,3.086118483601891,116.07072703454054,82.76894015519032,0.8696101477103423,1.8905545225020084,74.91725125253747,1.7966823703741108,201.99645669871967,jump_takeoff
176.44114049224368,0.24917907351824503,117.96209089102894,-0.5800467068109476,1.5042500121863114,5.656920247906296,2.8103413670850923,2.954350822387025,104.88262212949311,96.63516362812936,0.9111367527375802,2.0754254554729563,22.599551603382395,1.5160952928243854,185.5849291608132,jump_takeoff
181.6579823116736,0.019176545238695036,69.58449125618236,-0.1565783594343295,1.8120609247259711,8.208911987296858,3.223342947754881,3.285366572682219,81.00918216087607,139.390385577158,0.6353689936222743,1.0092343951414542,111.98221890167528,1.8458698120916897,183.58126672723043,stop
169.6378608720723,-0.4440026450416188,83.56532302764936,0.5520796078575068,1.2201002491584534,3.721611544991299,3.200871176905556,3.263601887337167,96.30242358967114,115.41796411051727,0.6368052982552544,1.013802469714909,115.0633164982054,1.8175314159471767,172.7668853533971,stop
185.10538802597313,0.8782581615833037,91.57839756399368,0.06010218823119504,1.5074764611834854,5.681213202555711,2.87527255671108,2.9278889759847027,87.01502043584655,96.0179339299405,0.5525772166103801,0.7633539507921869,88.72337065942806,1.7027873853696052,189.05069599758136,start_run
179.89701489547062,-0.1498552789994308,99.0218054487441,-0.4055357354578643,1.5404801838835336,5.932697992344615,2.941314947094262,3.034552877600033,108.37335855000167,88.02658011239198,0.7464432657278912,1.3929438723762981,81.21511584004787,1.6177247582678003,185.1133120627782,start_run
159.97859216607617,-0.4436521054865107,114.59817965147873,-0.8625116334700244,1.6620405610323556,6.90594706629187,3.2419093490878508,3.313949160358796,59.39523093449818,107.74993962661603,0.6872283534165017,1.1807070243488902,96.7775647639148,1.6781042355324955,168.13887648933505,jump_takeoff
162.6516638690754,0.434038361123282,103.34510864737909,-0.1305573891021919,1.855958703340469,8.611456771263088,3.3402843812987633,3.4310978214667904,42.55206662992086,111.72782280820098,0.7841763274453597,1.53733128131423,108.55448859926722,2.047802455367998,168.40546934234482,jump_takeoff
178.2658696274321,0.4334485278941753,113.66140603959425,0.6935845451041724,2.4679772968996496,15.227279845030257,4.051472532300835,4.091367036125952,110.35341788847352,78.30967087767208,0.5699601251929088,0.8121363607747908,71.37139414443351,2.5263062716397657,182.3606133228025,start_run
188.30470248535715,0.5549310290121129,127.8150484187008,-0.2398642223144638,1.8128588844890137,8.216143337676874,3.4972879319356323,3.617129129926496,40.48878030202441,86.08427659485766,0.9233635598723815,2.131500659250493,86.05760763191483,2.227125430167118,191.16014374650857,start_run
143.97028437343286,-0.5763688547064095,92.80063255300533,0.4028578948371459,1.602585917689976,6.4207040589455575,2.7506120265651512,2.845803087983015,24.30105061706,109.54732461691572,0.7298826583011934,1.3318217372220418,81.28584010217045,1.608297661496729,146.28183920289413,accel
175.7618738493845,0.18723874072295485,104.50322992418153,0.08121801689753619,1.6807189365946038,7.06204035956924,2.8531983556237868,3.116710159087927,76.31528206352432,122.46719481174505,1.2542493209994618,3.932853398069027,122.44676110454125,1.6834217487739953,180.8556688411397,start_run
193.9290490803328,0.7144355334431601,116.88490721871,-0.44232394335656344,1.2159939477509532,3.696603202417369,2.634336530082974,2.8438239086506134,114.00062081864846,110.31988071876752,1.071263492182594,2.869013674208117,110.04755957005001,1.650576489451909,198.17477818971028,start_run
155.95914426656134,0.7584954820249499,106.74532612506466,-0.08029598770560914,0.6969650856062019,1.2144008263851505,2.836172959263338,2.972944309190219,60.43069120705721,102.15459110188712,0.8913589684801213,1.9863020267248648,102.15170354718416,1.2853054814337967,166.74390076947904,start_run
212.5844895385293,0.2862048781475083,125.11769745765697,-0.2787852663949604,0.7109045318105326,1.2634631333718818,3.116499801247251,3.1953707451936593,89.71951097445996,145.11006094737132,0.705565863733024,1.2445579701633203,142.77479962882586,1.757057814372162,213.82687790059418,start_run
166.0239544626969,-0.1969134683806457,91.84774673694723,-0.3489919566026189,1.7021933027752996,7.243655100032709,2.8352465138773475,2.929529946266894,90.01190587671861,104.10367010433787,0.7372400637654312,1.3588072790521437,104.09790755174275,1.7607474137251555,174.9028088909949,jump_takeoff
158.2445755138996,-0.5200560609260173,80.43166022868019,0.9095883949129954,1.1765045083936894,3.4604071456766916,2.236264715512213,2.400978210195724,99.13423406206478,107.11065006148378,0.873965953564408,1.909541219974362,94.07555355881468,1.6239180637312234,166.66600388392393,jump_takeoff
98.45698063856803,0.4092179595228748,69.22300534217959,-0.47167754105575627,1.5073714372346052,5.680421624476798,3.124562750958839,3.181638165589673,38.6682534572964,41.30198190501384,0.5999408571328929,0.8998225801433755,40.40930148868334,1.994150916187205,102.29773118997717,landing
92.65344340418082,0.2659520308306607,52.83009284092345,-0.05994093488295872,1.3579911571133958,4.610349956995448,2.5916582984540075,2.6991135247012195,39.152301955834396,49.349100827753134,0.7540033708674772,1.4213027081987952,43.7776101276412,1.5387502174994119,95.94409969507345,landing
157.11237147728895,-0.1688292714879443,70.48524495545358,-0.5265227538021545,1.4489434962756431,5.24859313849871,2.568862382191214,2.6326811541428836,109.87222864857462,97.75263541927694,0.5761563335953044,0.8298903018549592,80.87390238977105,1.4930925884108062,163.26962323941228,start_run
168.14527608884833,0.7019945147092779,69.5568057476229,-0.6423112678579612,1.8099144022029712,8.189475358254345,3.3646692677898002,3.5303756061257707,110.6770697539355,107.93026608250474,1.068902539392042,2.8563815967968895,101.0187912746671,1.9229340783878526,175.6974400994604,accel
166.75514689576386,0.28719506546835993,67.40404434017097,-0.2567631712121205,1.8112018309861329,8.2011301814188,3.528106622591794,3.558692055934643,110.98137015869355,114.91319780372869,0.4655671902059473,0.5418820214906515,85.16546728449326,1.8884762072499952,175.9013462942953,sprint_mid
164.2227140132429,-0.3843727654767061,107.61508758054016,0.2752089190320734,1.6627667802848107,6.911983414046793,2.780514078979776,2.8052836399206695,116.27053613979122,69.26967346151534,0.3719647254805319,0.3458943925045185,59.01645068272162,1.8423978209359286,178.00165158528924,stop
167.7703245322164,-0.4123697260694438,88.77036060224897,0.3852573470524151,1.1036858976309027,3.045306401573329,3.067456389389317,3.1452459271152375,115.6918660184067,78.43329521149751,0.6951857602322153,1.208208103074108,78.4328890638259,2.0282714947288283,175.2218851188083,stop
108.75646755143721,0.9188031369334889,68.51954828305328,0.4333886908317628,2.0670879154390422,10.68213112538532,3.1969343967161716,3.3211895235652866,54.39155240841436,57.06645422779257,0.8999501733611823,2.024775786332055,55.84631534447275,2.4803936489269973,110.85333031136534,stop
134.142735501689,0.2796515439885015,95.30279237450678,0.35881112161101353,2.258281061487557,12.749583381683424,3.060134205781126,3.1602565122288198,77.40950162526534,70.26948115729134,0.789176701184838,1.5569996642324575,67.54641788944403,2.2853461540243103,145.27250477602277,stop
171.86955769174557,0.638907874053978,110.92331026041786,0.38626364199988195,1.854662769881077,8.59943497495737,3.638294371844929,3.6488027595934467,94.08441341922905,100.36152149484708,0.2767230424418263,0.19143910554565186,75.65238884034255,1.9107428981285992,177.57858433255618,start_run
172.11143310051852,0.3757105781135536,116.00377065131981,0.2643326169956363,1.5498411742584342,6.005019163566905,3.310327819909935,3.3581178719504505,84.47249016191881,90.67438783354903,0.5645222463671018,0.7967134166083969,72.81127495596424,1.5521547834252127,174.99291793565493,start_run
209.42164636376305,-0.13107855228418286,124.00629438908854,-0.4135257148120274,1.1820395656638443,3.4930438369869234,2.8393851818089355,2.9458513413193166,112.94696934220737,127.96867670701701,0.7848132991206596,1.5398297861916346,111.96193874514434,1.222798025282165,211.67570526739897,landing
205.04935046264072,-0.05118662733944473,127.26384595964537,-0.1837802282462939,1.4934611174640546,5.57606527344246,2.790637121003319,2.8834166790594473,106.84189971949665,124.69868967627407,0.725559235318878,1.3160905098912867,80.9618753090473,1.5219038013005204,207.84557227693819,landing
162.17354526853234,0.30458650367967094,112.24147835825224,0.671532421972532,1.3066278626820538,4.26819092884268,2.2667298285578026,2.3630932624003544,62.38845055273792,106.30079632428028,0.6679413530604805,1.1153641278206639,102.56362034156858,1.32289753997911,166.7236504474962,landing
145.2653894872122,0.5494449862790226,99.35935928830237,0.45664458739636227,1.643284237575055,6.750957713656573,2.5961807591362236,2.7284542051118925,68.87581211543484,89.13529394687644,0.8392304899630553,1.7607695382090747,69.13279148676169,1.7252873653358516,150.70099261399974,accel
180.34044988536348,-0.19166657829847303,92.85754415988725,0.4461834260297557,1.1112115336733224,3.086977681421543,2.30697048464748,2.490691899351148,93.902629684943,95.54609480382342,0.9388468035088596,2.203583301147008,72.27396051036995,1.1408103677558035,186.60374647201647,jump_takeoff
181.75501460643946,-0.435021346537297,121.93576044233916,0.30414585929001725,1.2695364394509132,4.029306927734257,2.764765047974013,2.8935413320967824,70.4202369498708,90.99836545211626,0.8536133024113886,1.8216391751341916,88.80477458186898,1.2848246728126613,187.19177047030172,stop
187.30385573437067,-0.7945177681175584,122.426273530283,-0.2964202042013639,0.7259234372336123,1.3174120918126557,2.488224547699274,2.61672976220641,107.41077219600133,95.93086920362633,0.8099464480097169,1.6400331216088926,95.88086487312266,0.8885114727266592,189.74287739429172,stop
177.4769686935229,0.9958589768741714,130.8264041353838,0.08513927953574435,2.0267296379932396,10.26908256380052,3.254448430900837,3.405749121851235,39.95143027984651,112.7696032602793,1.0038388773092708,2.5192312289938443,112.1210016334195,2.1029614375459973,179.8262317566403,jump_takeoff
140.17522129535877,0.06123737205195466,86.81279118189994,0.568684229867037,1.704037966282456,7.259363476330124,2.9349150264646178,3.02229672790466,80.51168431172704,80.92343757367479,0.7214924108647355,1.3013782473385205,72.50462567876312,1.972296493089214,143.87229461907577,accel
